id,ruleKind,behavior,system,sourceDatasetType,sourceDatasetTypeRaw,datasetTypeConfidence,dimension,language,sourceValue,targetDatasetType,targetField,targetValues,oneToMany,fallbackMode,fallbackValue,technicalMarkers,notes,sourceLines
map-damas-accommodation-category-appartements-84df45f2bf,mapping,map,DAMAS,accommodation,Hotel,confirmed,category,,Appartements,accommodation,Kategorie,Appartement,False,,,,Hotel,19
map-damas-accommodation-category-berg-skihutten-f362576c6e,mapping,map,DAMAS,accommodation,Hotel,confirmed,category,,Berg-/ Skihütten,accommodation,Kategorie,Berg-/Skihütte,False,,,,Hotel,20
map-damas-accommodation-category-campingplatze-3045d2caa1,mapping,map,DAMAS,accommodation,Hotel,confirmed,category,,Campingplätze,accommodation,Kategorie,Campingplatz,False,,,,Hotel,17
map-damas-accommodation-category-ferienwohnungen-etc-3d6ec1afac,mapping,map,DAMAS,accommodation,Hotel,confirmed,category,,Ferienwohnungen etc.,accommodation,Kategorie,Ferienwohnung,False,,,,Hotel,15
map-damas-accommodation-category-hotels-pensionen-etc-c03b665729,mapping,map,DAMAS,accommodation,Hotel,confirmed,category,,"Hotels, Pensionen etc.",accommodation,Kategorie,Hotel,False,,,,Hotel,14
map-damas-accommodation-category-kinder-und-jugendunterkunfte-9b2dda6a7f,mapping,map,DAMAS,accommodation,Hotel,confirmed,category,,Kinder- und Jugendunterkünfte,accommodation,Kategorie,Jugendherberge,False,,,,Hotel,16
map-damas-accommodation-category-wohnmobilstellplatze-629b915b23,mapping,map,DAMAS,accommodation,Hotel,confirmed,category,,Wohnmobilstellplätze,accommodation,Kategorie,Wohnmobilstellplatz,False,,,,Hotel,18
map-feratel-accommodation-category-aparthotel-6c1c64e929,mapping,map,Feratel,accommodation,Hotel,confirmed,category,de,Aparthotel,accommodation,Kategorie,Aparthotel,False,,,,,133
map-feratel-accommodation-category-bauernhof-1da821a5ed,mapping,map,Feratel,accommodation,Hotel,confirmed,category,de,Bauernhof,accommodation,Kategorie,Bauernhof,False,,,,,144
map-feratel-accommodation-category-campingplatz-d602471cf3,mapping,map,Feratel,accommodation,Hotel,confirmed,category,de,Campingplatz,accommodation,Kategorie,Campingplatz,False,,,,,146
map-feratel-accommodation-category-feriendorf-7a47aabf78,mapping,map,Feratel,accommodation,Hotel,confirmed,category,de,Feriendorf,accommodation,Kategorie,Ferienpark,False,,,,,141
map-feratel-accommodation-category-ferienhaus-4a04d2b504,mapping,map,Feratel,accommodation,Hotel,confirmed,category,de,Ferienhaus,accommodation,Kategorie,Ferienhaus,False,,,,,140
map-feratel-accommodation-category-ferienpark-66366e236f,mapping,map,Feratel,accommodation,Hotel,confirmed,category,de,Ferienpark,accommodation,Kategorie,Ferienpark,False,,,,,142
map-feratel-accommodation-category-ferienwohnung-appartement-384eb28f51,mapping,map,Feratel,accommodation,Hotel,confirmed,category,de,Ferienwohnung / Appartement,accommodation,Kategorie,Ferienwohnung,False,,,,,148
map-feratel-accommodation-category-fruhstuckspension-a75aaf760f,mapping,map,Feratel,accommodation,Hotel,confirmed,category,de,Frühstückspension,accommodation,Kategorie,Pension,False,,,,,138
map-feratel-accommodation-category-gasthof-5832bb6280,mapping,map,Feratel,accommodation,Hotel,confirmed,category,de,Gasthof,accommodation,Kategorie,Gasthof,False,,,,,136
map-feratel-accommodation-category-hotel-ab870cb989,mapping,map,Feratel,accommodation,Hotel,confirmed,category,de,Hotel,accommodation,Kategorie,Hotel,False,,,,,134
map-feratel-accommodation-category-hotel-garni-808babdac3,mapping,map,Feratel,accommodation,Hotel,confirmed,category,de,Hotel Garni,accommodation,Kategorie,Hotel garni,False,,,,,135
map-feratel-accommodation-category-jugendherberge-3f008447e6,mapping,map,Feratel,accommodation,Hotel,confirmed,category,de,Jugendherberge,accommodation,Kategorie,Jugendherberge,False,,,,,145
map-feratel-accommodation-category-klinik-sanatorium-f9084d516f,mapping,map,Feratel,accommodation,Hotel,confirmed,category,de,Klinik / Sanatorium,accommodation,Kategorie,Kurklinik,False,,,,,143
map-feratel-accommodation-category-motel-fdc84b6fea,mapping,map,Feratel,accommodation,Hotel,confirmed,category,de,Motel,accommodation,Kategorie,Motel,False,,,,,149
map-feratel-accommodation-category-pension-8e5445da13,mapping,map,Feratel,accommodation,Hotel,confirmed,category,de,Pension,accommodation,Kategorie,Pension,False,,,,,137
map-feratel-accommodation-category-privatzimmer-49a8a4fdc4,mapping,map,Feratel,accommodation,Hotel,confirmed,category,de,Privatzimmer,accommodation,Kategorie,Privatvermieter,False,,,,,139
map-feratel-accommodation-category-wanderherberge-be49a545cf,mapping,map,Feratel,accommodation,Hotel,confirmed,category,de,Wanderherberge,accommodation,Kategorie,Berg-/Skihütte,False,,,,,147
map-feratel-accommodation-category-wohnmobil-stellplatz-5daab88f0a,mapping,map,Feratel,accommodation,Hotel,confirmed,category,de,Wohnmobil Stellplatz,accommodation,Kategorie,Wohnmobilstellplatz,False,,,,,150
map-feratel-accommodation-category-aparthotel-4a8b939069,mapping,map,Feratel,accommodation,Hotel,confirmed,category,en,aparthotel,accommodation,Kategorie,Hotel,False,,,,,153
map-feratel-accommodation-category-b-b-inn-04f7197c62,mapping,map,Feratel,accommodation,Hotel,confirmed,category,en,b&b inn,accommodation,Kategorie,Pension garni,False,,,,,158
map-feratel-accommodation-category-camping-39fcd34fa7,mapping,map,Feratel,accommodation,Hotel,confirmed,category,en,camping,accommodation,Kategorie,Campingplatz,False,,,,,167
map-feratel-accommodation-category-clinic-sanatorium-eed57276f2,mapping,map,Feratel,accommodation,Hotel,confirmed,category,en,clinic / sanatorium,accommodation,Kategorie,Sanatorium | Kurklinik,True,,,,,163 | 164
map-feratel-accommodation-category-farm-farmhouse-1b0d0fe5fd,mapping,map,Feratel,accommodation,Hotel,confirmed,category,en,"farm, farmhouse",accommodation,Kategorie,Bauernhof,False,,,,,165
map-feratel-accommodation-category-hiker-s-hostel-3f0340d939,mapping,map,Feratel,accommodation,Hotel,confirmed,category,en,hiker’s hostel,accommodation,Kategorie,Berg-/ Skihütten,False,,,,,168
map-feratel-accommodation-category-holiday-apartment-d1b645ee42,mapping,map,Feratel,accommodation,Hotel,confirmed,category,en,holiday apartment,accommodation,Kategorie,Ferienwohnung | Appartements,True,,,,,160 | 169
map-feratel-accommodation-category-holiday-home-40d494b324,mapping,map,Feratel,accommodation,Hotel,confirmed,category,en,Holiday home,accommodation,Kategorie,Ferienhaus,False,,,,,161
map-feratel-accommodation-category-holiday-village-c519be3e49,mapping,map,Feratel,accommodation,Hotel,confirmed,category,en,holiday village,accommodation,Kategorie,Ferienpark,False,,,,,162
map-feratel-accommodation-category-hotel-65ee8be0c7,mapping,map,Feratel,accommodation,Hotel,confirmed,category,en,hotel,accommodation,Kategorie,Hotel,False,,,,,154
map-feratel-accommodation-category-inn-971ad2217f,mapping,map,Feratel,accommodation,Hotel,confirmed,category,en,inn,accommodation,Kategorie,Gasthof,False,,,,,156
map-feratel-accommodation-category-pension-c629aeeb0d,mapping,map,Feratel,accommodation,Hotel,confirmed,category,en,pension,accommodation,Kategorie,Pension,False,,,,,157
map-feratel-accommodation-category-private-rooms-ad4c63761d,mapping,map,Feratel,accommodation,Hotel,confirmed,category,en,private rooms,accommodation,Kategorie,Privatvermieter,False,,,,,159
map-feratel-accommodation-category-residential-hotel-b6bdd720d1,mapping,map,Feratel,accommodation,Hotel,confirmed,category,en,residential hotel,accommodation,Kategorie,Hotel garni,False,,,,,155
map-feratel-accommodation-category-youth-hostel-3646389022,mapping,map,Feratel,accommodation,Hotel,confirmed,category,en,youth hostel,accommodation,Kategorie,Jugendherberge,False,,,,,166
map-feratel-accommodation-feature-angebot-von-zertifizierter-bio-qualitat-42b5674915,mapping,map,Feratel,accommodation,Hotel,confirmed,feature,de,Angebot von zertifizierter Bio-Qualität,accommodation,,Auswahl von Lebensmitteln/Getränken in zertifizierter Bio-Qualität,False,,,,,231
map-feratel-accommodation-feature-ausschlie-liche-verwendung-von-wassersparenden-armaturen-z-b-intellige-872d331563,mapping,map,Feratel,accommodation,Hotel,confirmed,feature,de,"Ausschließliche Verwendung von wassersparenden Armaturen (z.B. intelligente Duschen, Duschköpfe mit geringem Durchfluss)",accommodation,,Maßnahmen zur Reduktion des Wasserverbrauchs,False,,,,,219
map-feratel-accommodation-feature-ausschlie-liche-verwendung-von-wassersparenden-toiletten-z-b-toiletten-842633c0dd,mapping,map,Feratel,accommodation,Hotel,confirmed,feature,de,"Ausschließliche Verwendung von wassersparenden Toiletten (z.B. Toiletten mit geringem Verbrauch, Toiletten mit „Doppelspülung”)",accommodation,,Maßnahmen zur Reduktion des Wasserverbrauchs,False,,,,,220
map-feratel-accommodation-feature-auswahl-an-vegetarischen-und-veganen-speisen-und-getranken-9b21d3a7bd,mapping,map,Feratel,accommodation,Hotel,confirmed,feature,de,Auswahl an vegetarischen und veganen Speisen und Getränken,accommodation,,Auswahl an vegetarischen und veganen Speisen und Getränken,False,,,,,232
map-feratel-accommodation-feature-einsatz-regionaler-firmen-handwerker-zulieferer-ausschlie-lich-b9fc5b41e4,mapping,map,Feratel,accommodation,Hotel,confirmed,feature,de,"Einsatz regionaler Firmen, Handwerker, Zulieferer ausschließlich",accommodation,,Zusammenarbeit mit regionalen Dienstleistern,False,,,,,227
map-feratel-accommodation-feature-einsatz-von-hausgemachten-selbst-produzierten-lebens-und-genussmitteln-5c66b6b1e9,mapping,map,Feratel,accommodation,Hotel,confirmed,feature,de,"Einsatz von hausgemachten, selbst produzierten Lebens- und Genussmitteln, Getränken",accommodation,,Auswahl von Lebensmitteln/Getränken von regionalen Anbietern,False,,,,,233
map-feratel-accommodation-feature-einsatz-von-lebensmitteln-nach-saison-und-von-lokalen-anbietern-cc347d28a1,mapping,map,Feratel,accommodation,Hotel,confirmed,feature,de,Einsatz von Lebensmitteln nach Saison und von lokalen Anbietern,accommodation,,Auswahl von Lebensmitteln/Getränken von regionalen Anbietern,False,,,,,234
map-feratel-accommodation-feature-einsatz-von-reinigungsprodukten-und-materialien-aus-umweltfreundlichen-c09a9e0e19,mapping,map,Feratel,accommodation,Hotel,confirmed,feature,de,"Einsatz von Reinigungsprodukten und -Materialien aus umweltfreundlichen, natürlichen Bestandteilen ohne giftige Chemikalien",accommodation,,Einsatz umweltfreundlicher Reinigungsmittel,False,,,,,222
map-feratel-accommodation-feature-einsatz-von-solaranlagen-photovoltaik-windenergie-geothermie-warmepump-a19aee9450,mapping,map,Feratel,accommodation,Hotel,confirmed,feature,de,"Einsatz von Solaranlagen, Photovoltaik, Windenergie, Geothermie, Wärmepumpen etc.",accommodation,,Bezug oder Produktion von regenerativen Energien,False,,,,,215
map-feratel-accommodation-feature-energieeffiziente-bauweise-nachhaltige-bau-verbrauchsmaterialien-b8b90eb1e9,mapping,map,Feratel,accommodation,Hotel,confirmed,feature,de,Energieeffiziente Bauweise / nachhaltige Bau- & Verbrauchsmaterialien,accommodation,,Maßnahmen zur Energieeinsparung und -effizienz,False,,,,,217
map-feratel-accommodation-feature-fahrradverleih-ddd0049afe,mapping,map,Feratel,accommodation,Hotel,confirmed,feature,de,Fahrradverleih,accommodation,,Fahrradverleih,False,,,,,225
map-feratel-accommodation-feature-getranke-von-regionalen-erzeugern-5f2026ed12,mapping,map,Feratel,accommodation,Hotel,confirmed,feature,de,Getränke von regionalen Erzeugern,accommodation,,Auswahl von Lebensmitteln/Getränken von regionalen Anbietern,False,,,,,235
map-feratel-accommodation-feature-gaste-kunden-erhalten-informationen-zu-okosystemen-traditionen-und-kul-a7c6ed37a8,mapping,map,Feratel,accommodation,Hotel,confirmed,feature,de,"Gäste/ Kunden erhalten Informationen zu Ökosystemen, Traditionen und Kultur des Reiseziels sowie Verhaltensregeln",accommodation,,"Informationen zu Ökosystemen, Traditionen und Kultur des Reiseziels",False,,,,,228
map-feratel-accommodation-feature-investition-eines-teils-des-umsatzes-in-projekte-fur-die-bevolkerung-v-2984a4e664,mapping,map,Feratel,accommodation,Hotel,confirmed,feature,de,Investition eines Teils des Umsatzes in Projekte für die Bevölkerung vor Ort oder Nachhaltigkeit,accommodation,,Unterstützung (lokaler) gemeinnütziger Vereine und Projekte,False,,,,,229
map-feratel-accommodation-feature-kein-einsatz-von-plastik-bei-strohhalmen-bechern-flaschen-geschirr-und-a22c2964b5,mapping,map,Feratel,accommodation,Hotel,confirmed,feature,de,"Kein Einsatz von Plastik bei Strohhalmen, Bechern, Flaschen, Geschirr und -besteck, Rührstäbchen und Deko-Elementen",accommodation,,Müllvermeidung insb. Verzicht auf Plastik (Selbsteinschätzung),False,,,,,212
map-feratel-accommodation-feature-keine-plastikgebinde-fur-shampoo-duschgel-angebotene-toilette-artikel-ea1b74ff1d,mapping,map,Feratel,accommodation,Hotel,confirmed,feature,de,"Keine Plastikgebinde für Shampoo, Duschgel, angebotene Toilette-Artikel",accommodation,,Müllvermeidung insb. Verzicht auf Plastik (Selbsteinschätzung),False,,,,,213
map-feratel-accommodation-feature-mindestens-80-der-beleuchtung-wird-durch-energieeffiziente-led-lampen--d0e79350b9,mapping,map,Feratel,accommodation,Hotel,confirmed,feature,de,Mindestens 80 % der Beleuchtung wird durch energieeffiziente LED-Lampen erzeugt,accommodation,,Maßnahmen zur Energieeinsparung und -effizienz,False,,,,,218
map-feratel-accommodation-feature-mindestens-80-der-lebensmittel-stammen-aus-der-region-ddc6f886b1,mapping,map,Feratel,accommodation,Hotel,confirmed,feature,de,Mindestens 80 % der Lebensmittel stammen aus der Region,accommodation,,Auswahl von Lebensmitteln/Getränken von regionalen Anbietern,False,,,,,236
map-feratel-accommodation-feature-moglichkeit-der-anreise-mit-offentlichen-verkehrsmitteln-ac037467f2,mapping,map,Feratel,accommodation,Hotel,confirmed,feature,de,Möglichkeit der Anreise mit öffentlichen Verkehrsmitteln,accommodation,,Mit ÖPNV erreichbar,False,,,,,224
map-feratel-accommodation-feature-reduktion-des-frischwasserverbrauchs-durch-wiederaufbereitung-oder-reg-98a4b5180d,mapping,map,Feratel,accommodation,Hotel,confirmed,feature,de,Reduktion des Frischwasserverbrauchs durch Wiederaufbereitung oder Regenwasser-Nutzung,accommodation,,Maßnahmen zur Reduktion des Wasserverbrauchs,False,,,,,221
map-feratel-accommodation-feature-shuttleservices-von-zum-nachsten-bahnhof-3280000842,mapping,map,Feratel,accommodation,Hotel,confirmed,feature,de,Shuttleservices von/ zum nächsten Bahnhof,accommodation,,Shuttleservice von/zum nächsten ÖPNV-Haltepunkt,False,,,,,226
map-feratel-accommodation-feature-strom-zu-100-aus-erneuerbaren-energien-b7c289abb5,mapping,map,Feratel,accommodation,Hotel,confirmed,feature,de,Strom zu 100 % aus erneuerbaren Energien,accommodation,,Bezug oder Produktion von regenerativen Energien,False,,,,,216
map-feratel-accommodation-feature-vermeidung-von-einwegverpackungen-77c10144b0,mapping,map,Feratel,accommodation,Hotel,confirmed,feature,de,Vermeidung von Einwegverpackungen,accommodation,,Müllvermeidung insb. Verzicht auf Plastik (Selbsteinschätzung),False,,,,,214
map-feratel-accommodation-feature-vermeidung-weiterverarbeitung-oder-spende-ubriggebliebener-lebensmitte-30a5b43d62,mapping,map,Feratel,accommodation,Hotel,confirmed,feature,de,"Vermeidung, Weiterverarbeitung oder Spende übriggebliebener Lebensmittel",accommodation,,"Vermeidung, Weiterverarbeitung, Spende übrig gebliebener Lebensmittel",False,,,,,237
map-feratel-accommodation-feature-verwendung-nachhaltiger-und-abbaubarer-reinigungsmittel-ohne-mikroplas-24b11fa596,mapping,map,Feratel,accommodation,Hotel,confirmed,feature,de,Verwendung nachhaltiger und abbaubarer Reinigungsmittel ohne Mikroplastik,accommodation,,Einsatz umweltfreundlicher Reinigungsmittel,False,,,,,223
map-feratel-accommodation-feature-wahlmoglichkeit-von-portionsgro-en-6b8276ddb7,mapping,map,Feratel,accommodation,Hotel,confirmed,feature,de,Wahlmöglichkeit von Portionsgrößen,accommodation,,"Vermeidung, Weiterverarbeitung, Spende übrig gebliebener Lebensmittel",False,,,,,238
map-feratel-accommodation-feature-zahlung-fairer-lohne-und-grundgehalter-uber-mindestlohn-df0bb16265,mapping,map,Feratel,accommodation,Hotel,confirmed,feature,de,Zahlung fairer Löhne und Grundgehälter über Mindestlohn,accommodation,,faire Arbeitsbedingungen und Entlohnung,False,,,,,230
map-outdooractive-accommodation-category-camping-9114ef49d5,mapping,map,Outdooractive,accommodation,Hotel,confirmed,category,,Camping,accommodation,Kategorie,Campingplatz,False,,,,Hotel,372
map-tis-unterkuenfte-accommodation-category-wohnmobilstellplatze-70595e0822,mapping,map,TIS Unterkünfte,accommodation,Hotel,confirmed-by-section-heading,category,,Wohnmobilstellplätze,accommodation,Kategorie,Wohnmobilstellplatz,False,,,,,1082
map-damas-event-category-ausstellung-ebe889adb7,mapping,map,DAMAS,event,event,confirmed,category,,Ausstellung,event,Kategorie,Ausstellung,False,,,,event,92
map-damas-event-category-chor-968cc00a7a,mapping,map,DAMAS,event,event,confirmed,category,,Chor,event,Kategorie,Sonstiges,False,,,,event,115
map-damas-event-category-chor-folklore-volksmusik-9f8893f3a6,mapping,map,DAMAS,event,event,confirmed,category,,Chor / Folklore / Volksmusik,event,Kategorie,Sonstiges,False,,,,event,113
map-damas-event-category-essen-und-trinken-5789fee714,mapping,map,DAMAS,event,event,confirmed,category,,Essen und Trinken,event,Kategorie,Kulinarik,False,,,,event,98
map-damas-event-category-exkursion-0e376fe247,mapping,map,DAMAS,event,event,confirmed,category,,Exkursion,event,Kategorie,Wanderung,False,,,,event,103
map-damas-event-category-exkursion-wanderung-cba27c5975,mapping,map,DAMAS,event,event,confirmed,category,,Exkursion / Wanderung,event,Kategorie,Wanderung,False,,,,event,102
map-damas-event-category-fest-e17d1ba51f,mapping,map,DAMAS,event,event,confirmed,category,,Fest,event,Kategorie,Fest,False,,,,event,104
map-damas-event-category-fest-brauchtum-9f1228c3eb,mapping,map,DAMAS,event,event,confirmed,category,,Fest / Brauchtum,event,Kategorie,"Tradition, Brauchtum & Kultur",False,,,,event,93
map-damas-event-category-film-2fd92ca872,mapping,map,DAMAS,event,event,confirmed,category,,Film,event,Kategorie,Kino/Film,False,,,,event,116
map-damas-event-category-fuhrung-2f20905f8b,mapping,map,DAMAS,event,event,confirmed,category,,Führung,event,Kategorie,Führung/Besichtigung,False,,,,event,97
map-damas-event-category-fuhrung-besichtigung-468d06df8d,mapping,map,DAMAS,event,event,confirmed,category,,Führung / Besichtigung,event,Kategorie,Führung/Besichtigung,False,,,,event,96
map-damas-event-category-gro-veranstaltung-3b4aa417e3,mapping,map,DAMAS,event,event,confirmed,category,,Großveranstaltung,event,Kategorie,Sonstiges,False,,,,event,114
map-damas-event-category-historische-stadtkerne-d95065a11f,mapping,map,DAMAS,event,event,confirmed,category,,Historische Stadtkerne,event,Kategorie,Führung/Besichtigung,False,,,,event,125
map-damas-event-category-industrie-werksbesichtigung-1391f88202,mapping,map,DAMAS,event,event,confirmed,category,,Industrie-/Werksbesichtigung,event,Kategorie,Führung/Besichtigung,False,,,,event,121
map-damas-event-category-kinder-und-jugendliche-98ba5fc77c,mapping,map,DAMAS,event,event,confirmed,category,,Kinder und Jugendliche,event,Kategorie,Familie/Kinder,False,,,,event,99
map-damas-event-category-klassisches-konzert-oper-7323369e14,mapping,map,DAMAS,event,event,confirmed,category,,Klassisches Konzert / Oper,event,Kategorie,Oper,False,,,,event,108
map-damas-event-category-klassischeskonzert-05469ac791,mapping,map,DAMAS,event,event,confirmed,category,,KlassischesKonzert,event,Kategorie,klassisches Konzert,False,,,,event,109
map-damas-event-category-lesung-63c19c5a73,mapping,map,DAMAS,event,event,confirmed,category,,Lesung,event,Kategorie,Vortrag/Lesung/Diskussion,False,,,,event,111
map-damas-event-category-lesung-vortrag-e4a4c0d849,mapping,map,DAMAS,event,event,confirmed,category,,Lesung / Vortrag,event,Kategorie,Vortrag/Lesung/Diskussion,False,,,,event,101
map-damas-event-category-lust-auf-natour-76764401c0,mapping,map,DAMAS,event,event,confirmed,category,,Lust auf NaTour,event,Kategorie,Sonstiges,False,,,,event,122
map-damas-event-category-markt-a8ca35f63a,mapping,map,DAMAS,event,event,confirmed,category,,Markt,event,Kategorie,Markttag,False,,,,event,118
map-damas-event-category-musical-926c105b48,mapping,map,DAMAS,event,event,confirmed,category,,Musical,event,Kategorie,Bühne/Theater,False,,,,event,120
map-damas-event-category-rock-d5c4309c36,mapping,map,DAMAS,event,event,confirmed,category,,Rock,event,Kategorie,Pop-Konzert,False,,,,event,106
map-damas-event-category-rock-pop-jazz-9287d776db,mapping,map,DAMAS,event,event,confirmed,category,,Rock / Pop / Jazz,event,Kategorie,Pop-Konzert,False,,,,event,105
map-damas-event-category-rund-ums-wasser-9c5a01fe4f,mapping,map,DAMAS,event,event,confirmed,category,,Rund ums Wasser,event,Kategorie,Wassersportveranstaltung,False,,,,event,107
map-damas-event-category-schlosser-parks-und-garten-6a2bc4bfac,mapping,map,DAMAS,event,event,confirmed,category,,"Schlösser, Parks und Gärten",event,Kategorie,Kunst und Kultur,False,,,,event,110
map-damas-event-category-silvester-e790e197ab,mapping,map,DAMAS,event,event,confirmed,category,,Silvester,event,Kategorie,Sonstiges,False,,,,event,119
map-damas-event-category-sport-efe31144d6,mapping,map,DAMAS,event,event,confirmed,category,,Sport,event,Kategorie,Sport,False,,,,event,100
map-damas-event-category-tagung-messe-14f1e23ab4,mapping,map,DAMAS,event,event,confirmed,category,,Tagung / Messe,event,Kategorie,Tagung & Konferenz,False,,,,event,127
map-damas-event-category-theater-fc34cc8977,mapping,map,DAMAS,event,event,confirmed,category,,Theater,event,Kategorie,Bühne/Theater,False,,,,event,95
map-damas-event-category-theater-tanz-kabarett-d455850b9b,mapping,map,DAMAS,event,event,confirmed,category,,Theater / Tanz / Kabarett,event,Kategorie,Bühne/Theater,False,,,,event,94
map-damas-event-category-weihnachtsmarkt-9dccd15295,mapping,map,DAMAS,event,event,confirmed,category,,Weihnachtsmarkt,event,Kategorie,Weihnachten,False,,,,event,123
map-damas-event-category-wellness-c9f19c6630,mapping,map,DAMAS,event,event,confirmed,category,,Wellness,event,Kategorie,Gesundheit/Wellness,False,,,,event,126
map-damas-event-category-wellness-gesundheit-352d9080a4,mapping,map,DAMAS,event,event,confirmed,category,,Wellness / Gesundheit,event,Kategorie,Gesundheit/Wellness,False,,,,event,124
map-damas-event-category-workshop-bd4593d43c,mapping,map,DAMAS,event,event,confirmed,category,,Workshop,event,Kategorie,Seminar/Kurs/Workshop,False,,,,event,117
map-damas-event-category-workshop-seminar-bb5cddd9de,mapping,map,DAMAS,event,event,confirmed,category,,Workshop / Seminar,event,Kategorie,Seminar/Kurs/Workshop,False,,,,event,112
map-outdooractive-event-category-ausstellung-20f0f237fe,mapping,map,Outdooractive,event,Event,corrected-from-document-section,category,,Ausstellung,event,Kategorie,Ausstellung,False,,,,AH67-T366 neues Mapping: Event,645
map-outdooractive-event-category-ballett-0c524f3646,mapping,map,Outdooractive,event,Event,corrected-from-document-section,category,,Ballett,event,Kategorie,Sport | Ballett,True,,,,Events | AH67-T366 neues Mapping: Event,614 | 712
map-outdooractive-event-category-bewegung-entspannung-6374d69e41,mapping,map,Outdooractive,event,Event,corrected-from-document-section,category,,Bewegung & Entspannung,event,Kategorie,Sport | Bewegung & Entspannung,True,,,,Events | AH67-T366 neues Mapping: Event,622 | 692
map-outdooractive-event-category-black-hip-hop-r-n-b-fa75bc918a,mapping,map,Outdooractive,event,Event,corrected-from-document-section,category,,Black / Hip-Hop & R'n'B,event,Kategorie,Black / Hip-Hop & R'n'B,False,,,,AH67-T366 neues Mapping: Event,672
map-outdooractive-event-category-boxen-wrestling-37d640ec4f,mapping,map,Outdooractive,event,Event,corrected-from-document-section,category,,Boxen & Wrestling,event,Kategorie,Sport | Boxen & Wrestling,True,,,,Events | AH67-T366 neues Mapping: Event,624 | 693
map-outdooractive-event-category-chanson-d5c8f98967,mapping,map,Outdooractive,event,Event,corrected-from-document-section,category,,Chanson,event,Kategorie,Chanson,False,,,,AH67-T366 neues Mapping: Event,673
map-outdooractive-event-category-club-konzert-b89eab3c6a,mapping,map,Outdooractive,event,Event,corrected-from-document-section,category,,Club-Konzert,event,Kategorie,Club-Konzert,False,,,,AH67-T366 neues Mapping: Event,674
map-outdooractive-event-category-diskussion-0cf9900292,mapping,map,Outdooractive,event,Event,corrected-from-document-section,category,,Diskussion,event,Kategorie,Vortrag/Lesung/Diskussion | Diskussion,True,,,,Events | AH67-T366 neues Mapping: Event,600 | 725
map-outdooractive-event-category-eishockey-658158c4fe,mapping,map,Outdooractive,event,Event,corrected-from-document-section,category,,Eishockey,event,Kategorie,Eishockey,False,,,,AH67-T366 neues Mapping: Event,694
map-outdooractive-event-category-electronic-dance-f4d91747c3,mapping,map,Outdooractive,event,Event,corrected-from-document-section,category,,Electronic & Dance,event,Kategorie,Pop-Konzert | Electronic & Dance,True,,,,Events | AH67-T366 neues Mapping: Event,634 | 675
map-outdooractive-event-category-exkursion-081860d3de,mapping,map,Outdooractive,event,Event,corrected-from-document-section,category,,Exkursion,event,Kategorie,Geselligkeit/Spiele/Treffen | Ausflugsfahrt,True,,,,Events | AH67-T366 neues Mapping: Event,613 | 646
map-outdooractive-event-category-fest-0d19a5f3b6,mapping,map,Outdooractive,event,Event,corrected-from-document-section,category,,Fest,event,Kategorie,Fest,False,,,,AH67-T366 neues Mapping: Event,653
map-outdooractive-event-category-fest-feiertag-1f7530a00e,mapping,map,Outdooractive,event,Event,corrected-from-document-section,category,,Fest-& Feiertag,event,Kategorie,Fest & Feiertag,False,,,,AH67-T366 neues Mapping: Event,655
map-outdooractive-event-category-festival-87a869c020,mapping,map,Outdooractive,event,Event,corrected-from-document-section,category,,Festival,event,Kategorie,Festival,False,,,,AH67-T366 neues Mapping: Event,654
map-outdooractive-event-category-film-kino-b9c69de080,mapping,map,Outdooractive,event,Event,corrected-from-document-section,category,,Film & Kino,event,Kategorie,Kino / Film | Kino/Film,True,,,,Events | AH67-T366 neues Mapping: Event,606 | 713
map-outdooractive-event-category-fitness-7b77955a21,mapping,map,Outdooractive,event,Event,corrected-from-document-section,category,,Fitness,event,Kategorie,Sport | Fitness,True,,,,Events | AH67-T366 neues Mapping: Event,619 | 695
map-outdooractive-event-category-flugsport-b2a46e1fa2,mapping,map,Outdooractive,event,Event,corrected-from-document-section,category,,Flugsport,event,Kategorie,Flugsport,False,,,,AH67-T366 neues Mapping: Event,696
map-outdooractive-event-category-folk-a10aafea20,mapping,map,Outdooractive,event,Event,corrected-from-document-section,category,,Folk,event,Kategorie,Pop-Konzert | Folk,True,,,,Events | AH67-T366 neues Mapping: Event,632 | 676
map-outdooractive-event-category-funsport-a92e000dc4,mapping,map,Outdooractive,event,Event,corrected-from-document-section,category,,Funsport,event,Kategorie,Funsport,False,,,,AH67-T366 neues Mapping: Event,697
map-outdooractive-event-category-fu-ball-4456009e62,mapping,map,Outdooractive,event,Event,corrected-from-document-section,category,,Fußball,event,Kategorie,Sport | Fußball,True,,,,Events | AH67-T366 neues Mapping: Event,631 | 698
map-outdooractive-event-category-fuhrung-9d3f9f5331,mapping,map,Outdooractive,event,Event,corrected-from-document-section,category,,Führung,event,Kategorie,Vortrag/Lesung/Diskussion | Führung/Besichtigung,True,,,,Events | AH67-T366 neues Mapping: Event,592 | 647
map-outdooractive-event-category-galerie-a8564d9660,mapping,map,Outdooractive,event,Event,corrected-from-document-section,category,,Galerie,event,Kategorie,Kunst und Kultur,False,,,,Events,596
map-outdooractive-event-category-golf-08e25ab935,mapping,map,Outdooractive,event,Event,corrected-from-document-section,category,,Golf,event,Kategorie,Golf,False,,,,AH67-T366 neues Mapping: Event,699
map-outdooractive-event-category-gospel-4ad65981f9,mapping,map,Outdooractive,event,Event,corrected-from-document-section,category,,Gospel,event,Kategorie,Kunst und Kultur | Gospel,True,,,,Events | AH67-T366 neues Mapping: Event,626 | 677
map-outdooractive-event-category-handball-fd2f009335,mapping,map,Outdooractive,event,Event,corrected-from-document-section,category,,Handball,event,Kategorie,Handball,False,,,,AH67-T366 neues Mapping: Event,700
map-outdooractive-event-category-handwerk-3da1aba7b2,mapping,map,Outdooractive,event,Event,corrected-from-document-section,category,,Handwerk,event,Kategorie,Tradition/Brauchtum | Handwerk,True,,,,Events | AH67-T366 neues Mapping: Event,593 | 656
map-outdooractive-event-category-hard-heavy-020ae99a9e,mapping,map,Outdooractive,event,Event,corrected-from-document-section,category,,Hard & Heavy,event,Kategorie,Hard & Heavy,False,,,,AH67-T366 neues Mapping: Event,678
map-outdooractive-event-category-heurige-c714590ef8,mapping,map,Outdooractive,event,Event,corrected-from-document-section,category,,Heurige,event,Kategorie,Weinstube/Vinothek,False,,,,A26A-T438,643
map-outdooractive-event-category-heuriger-92190b96ea,mapping,map,Outdooractive,event,Event,corrected-from-document-section,category,,Heuriger,event,Kategorie,Weinstube/Vinothek,False,,,,A26A-T438,642
map-outdooractive-event-category-historischer-markt-31da595c7c,mapping,map,Outdooractive,event,Event,corrected-from-document-section,category,,Historischer Markt,event,Kategorie,Historischer Markt,False,,,,AH67-T366 neues Mapping: Event,657
map-outdooractive-event-category-independent-0d57c3993f,mapping,map,Outdooractive,event,Event,corrected-from-document-section,category,,Independent,event,Kategorie,Independent,False,,,,AH67-T366 neues Mapping: Event,679
map-outdooractive-event-category-indie-alternative-1ca091e90e,mapping,map,Outdooractive,event,Event,corrected-from-document-section,category,,Indie & Alternative,event,Kategorie,Indie & Alternative,False,,,,AH67-T366 neues Mapping: Event,680
map-outdooractive-event-category-jazz-blues-b137d883f9,mapping,map,Outdooractive,event,Event,corrected-from-document-section,category,,Jazz & Blues,event,Kategorie,Jazz & Blues,False,,,,AH67-T366 neues Mapping: Event,681
map-outdooractive-event-category-karneval-fasching-c70ad35794,mapping,map,Outdooractive,event,Event,corrected-from-document-section,category,,Karneval & Fasching,event,Kategorie,Karneval & Fasching,False,,,,AH67-T366 neues Mapping: Event,658
map-outdooractive-event-category-kinderprogramm-6c02aa0c6a,mapping,map,Outdooractive,event,Event,corrected-from-document-section,category,,Kinderprogramm,event,Kategorie,Geselligkeit/Spiele/Treffen | Familie/Kinder,True,,,,Events | AH67-T366 neues Mapping: Event,604 | 669
map-outdooractive-event-category-klassik-7ddc5f81aa,mapping,map,Outdooractive,event,Event,corrected-from-document-section,category,,Klassik,event,Kategorie,klassisches Konzert,False,,,,Events | AH67-T366 neues Mapping: Event,594 | 682
map-outdooractive-event-category-kleinkunst-comedy-kabarett-839da24f57,mapping,map,Outdooractive,event,Event,corrected-from-document-section,category,,"Kleinkunst, Comedy & Kabarett",event,Kategorie,Sonstiges | Kunst und Kultur,True,,,,Events | AH67-T366 neues Mapping: Event,591 | 714
map-outdooractive-event-category-kurs-mitmachen-fee27a5e0b,mapping,map,Outdooractive,event,Event,corrected-from-document-section,category,,Kurs & Mitmachen,event,Kategorie,Geselligkeit/Spiele/Treffen | Seminar/Kurs/Workshop,True,,,,Events | AH67-T366 neues Mapping: Event,607 | 648
map-outdooractive-event-category-kurs-seminar-548d8e261e,mapping,map,Outdooractive,event,Event,corrected-from-document-section,category,,Kurs & Seminar,event,Kategorie,Vortrag/Lesung/Diskussion | Seminar/Kurs/Workshop,True,,,,Events | AH67-T366 neues Mapping: Event,617 | 670
map-outdooractive-event-category-latin-10ccadd9b8,mapping,map,Outdooractive,event,Event,corrected-from-document-section,category,,Latin,event,Kategorie,Latin,False,,,,AH67-T366 neues Mapping: Event,683
map-outdooractive-event-category-laufsport-6350f82dc5,mapping,map,Outdooractive,event,Event,corrected-from-document-section,category,,Laufsport,event,Kategorie,Sport | Laufsport,True,,,,Events | AH67-T366 neues Mapping: Event,616 | 701
map-outdooractive-event-category-lesung-9238cc5fc0,mapping,map,Outdooractive,event,Event,corrected-from-document-section,category,,Lesung,event,Kategorie,Vortrag/Lesung/Diskussion,False,,,,Events | AH67-T366 neues Mapping: Event,602 | 726
map-outdooractive-event-category-liedermacher-bacd5e8e18,mapping,map,Outdooractive,event,Event,corrected-from-document-section,category,,Liedermacher,event,Kategorie,Liedermacher,False,,,,AH67-T366 neues Mapping: Event,684
map-outdooractive-event-category-markttag-6b651a3192,mapping,map,Outdooractive,event,Event,corrected-from-document-section,category,,Markttag,event,Kategorie,Markt,False,,,,Events | AH67-T366 neues Mapping: Event,610 | 659
map-outdooractive-event-category-messe-2d5ca8a53c,mapping,map,Outdooractive,event,Event,corrected-from-document-section,category,,Messe,event,Kategorie,Messe,False,,,,AH67-T366 neues Mapping: Event,649
map-outdooractive-event-category-mittelaltermarkt-bb510f254e,mapping,map,Outdooractive,event,Event,corrected-from-document-section,category,,Mittelaltermarkt,event,Kategorie,Mittelaltermarkt,False,,,,AH67-T366 neues Mapping: Event,660
map-outdooractive-event-category-motorsport-19e3ef9186,mapping,map,Outdooractive,event,Event,corrected-from-document-section,category,,Motorsport,event,Kategorie,Sport | Motorsport,True,,,,Events | AH67-T366 neues Mapping: Event,630 | 702
map-outdooractive-event-category-museumsfuhrung-d08be77f95,mapping,map,Outdooractive,event,Event,corrected-from-document-section,category,,Museumsführung,event,Kategorie,Vortrag/Lesung/Diskussion | Führung/Besichtigung,True,,,,Events | AH67-T366 neues Mapping: Event,629 | 650
map-outdooractive-event-category-musical-206a14242a,mapping,map,Outdooractive,event,Event,corrected-from-document-section,category,,Musical,event,Kategorie,Show | Musical,True,,,,Events | AH67-T366 neues Mapping: Event,603 | 715
map-outdooractive-event-category-oper-operette-09a661f525,mapping,map,Outdooractive,event,Event,corrected-from-document-section,category,,Oper & Operette,event,Kategorie,klassisches Konzert,False,,,,Events,611
map-outdooractive-event-category-oper-opertette-9423f4b08e,mapping,map,Outdooractive,event,Event,corrected-from-document-section,category,,Oper & Opertette,event,Kategorie,Operette,False,,,,AH67-T366 neues Mapping: Event,716
map-outdooractive-event-category-ostern-bfef92cfdd,mapping,map,Outdooractive,event,Event,corrected-from-document-section,category,,Ostern,event,Kategorie,Ostern,False,,,,AH67-T366 neues Mapping: Event,661
map-outdooractive-event-category-partymusik-94abc0da53,mapping,map,Outdooractive,event,Event,corrected-from-document-section,category,,Partymusik,event,Kategorie,Party/Nachtleben | Party-Musik,True,,,,Events | AH67-T366 neues Mapping: Event,601 | 685
map-outdooractive-event-category-public-viewing-d111a78ca5,mapping,map,Outdooractive,event,Event,corrected-from-document-section,category,,Public Viewing,event,Kategorie,Public Viewing,False,,,,AH67-T366 neues Mapping: Event,717
map-outdooractive-event-category-punk-cf34c5c748,mapping,map,Outdooractive,event,Event,corrected-from-document-section,category,,Punk,event,Kategorie,Punk,False,,,,AH67-T366 neues Mapping: Event,686
map-outdooractive-event-category-radsport-c01f8cf133,mapping,map,Outdooractive,event,Event,corrected-from-document-section,category,,Radsport,event,Kategorie,Radveranstaltung,False,,,,AH67-T366 neues Mapping: Event,703
map-outdooractive-event-category-radsportveranstaltung-14cd6be748,mapping,map,Outdooractive,event,Event,corrected-from-document-section,category,,Radsportveranstaltung,event,Kategorie,Sport,False,,,,Events,620
map-outdooractive-event-category-reitsport-b165a0344e,mapping,map,Outdooractive,event,Event,corrected-from-document-section,category,,Reitsport,event,Kategorie,Reitsport,False,,,,AH67-T366 neues Mapping: Event,704
map-outdooractive-event-category-rock-pop-4bceff6e8a,mapping,map,Outdooractive,event,Event,corrected-from-document-section,category,,Rock & Pop,event,Kategorie,Pop-Konzert | Rock & Pop,True,,,,Events | AH67-T366 neues Mapping: Event,623 | 687
map-outdooractive-event-category-schlager-volksmusik-838ea8a375,mapping,map,Outdooractive,event,Event,corrected-from-document-section,category,,Schlager & Volksmusik,event,Kategorie,Party/Nachtleben | Schlager & Volksmusik,True,,,,Events | AH67-T366 neues Mapping: Event,621 | 688
map-outdooractive-event-category-shopping-17cbf6a702,mapping,map,Outdooractive,event,Event,corrected-from-document-section,category,,Shopping,event,Kategorie,Shopping,False,,,,AH67-T366 neues Mapping: Event,662
map-outdooractive-event-category-show-8ff08f0e54,mapping,map,Outdooractive,event,Event,corrected-from-document-section,category,,Show,event,Kategorie,Show,False,,,,AH67-T366 neues Mapping: Event,718
map-outdooractive-event-category-silvester-470dbc9369,mapping,map,Outdooractive,event,Event,corrected-from-document-section,category,,Silvester,event,Kategorie,Silvester,False,,,,AH67-T366 neues Mapping: Event,663
map-outdooractive-event-category-ski-7560eb99c9,mapping,map,Outdooractive,event,Event,corrected-from-document-section,category,,Ski,event,Kategorie,Ski,False,,,,AH67-T366 neues Mapping: Event,705
map-outdooractive-event-category-sonstige-buhnenveranstaltung-9a40def0bd,mapping,map,Outdooractive,event,Event,corrected-from-document-section,category,,Sonstige Bühnenveranstaltung,event,Kategorie,Sonstiges,False,,,,Events | AH67-T366 neues Mapping: Event,599 | 719
map-outdooractive-event-category-sonstiger-ballsport-e24260c9a8,mapping,map,Outdooractive,event,Event,corrected-from-document-section,category,,Sonstiger Ballsport,event,Kategorie,Sport | Sonstiger Ballsport,True,,,,neue Cats | AH67-T366 neues Mapping: Event,638 | 706
map-outdooractive-event-category-sonstiges-konzert-4c175a7ba8,mapping,map,Outdooractive,event,Event,corrected-from-document-section,category,,Sonstiges Konzert,event,Kategorie,Sonstiges | Sonstiges Konzert,True,,,,Events | AH67-T366 neues Mapping: Event,589 | 689
map-outdooractive-event-category-soul-bd6f6cc471,mapping,map,Outdooractive,event,Event,corrected-from-document-section,category,,Soul,event,Kategorie,Soul,False,,,,AH67-T366 neues Mapping: Event,690
map-outdooractive-event-category-stadtfuhrung-2673335fa9,mapping,map,Outdooractive,event,Event,corrected-from-document-section,category,,Stadtführung,event,Kategorie,Vortrag/Lesung/Diskussion | Führung/Besichtigung,True,,,,Events | AH67-T366 neues Mapping: Event,605 | 651
map-outdooractive-event-category-tag-der-offenen-tur-2df83adf41,mapping,map,Outdooractive,event,Event,corrected-from-document-section,category,,Tag der offenen Tür,event,Kategorie,Vortrag/Lesung/Diskussion | Führung/Besichtigung,True,,,,Events | AH67-T366 neues Mapping: Event,628 | 652
map-outdooractive-event-category-tagung-konferenz-105f49b1cd,mapping,map,Outdooractive,event,Event,corrected-from-document-section,category,,Tagung & Konferenz,event,Kategorie,Tagung & Konferenz,False,,,,AH67-T366 neues Mapping: Event,727
map-outdooractive-event-category-tanz-572fed83dc,mapping,map,Outdooractive,event,Event,corrected-from-document-section,category,,Tanz,event,Kategorie,Ball/Tanz | Tanz,True,,,,neue Cats | AH67-T366 neues Mapping: Event,637 | 720
map-outdooractive-event-category-tanzen-zum-teilnehmen-f836596336,mapping,map,Outdooractive,event,Event,corrected-from-document-section,category,,Tanzen (zum Teilnehmen),event,Kategorie,Sport | Tanzen (zum Teilnehmen),True,,,,Events | AH67-T366 neues Mapping: Event,618 | 671
map-outdooractive-event-category-tennis-54d8da85ec,mapping,map,Outdooractive,event,Event,corrected-from-document-section,category,,Tennis,event,Kategorie,Tennis,False,,,,AH67-T366 neues Mapping: Event,707
map-outdooractive-event-category-theater-fc65edb2ba,mapping,map,Outdooractive,event,Event,corrected-from-document-section,category,,Theater,event,Kategorie,Kunst und Kultur | Theater,True,,,,Events | AH67-T366 neues Mapping: Event,598 | 721
map-outdooractive-event-category-tradition-brauchtum-kultur-58b5370dd8,mapping,map,Outdooractive,event,Event,corrected-from-document-section,category,,"Tradition, Brauchtum & Kultur",event,Kategorie,Kunst und Kultur,False,,,,Events | AH67-T366 neues Mapping: Event,612 | 664
map-outdooractive-event-category-traditioneller-tanz-c9f473fd05,mapping,map,Outdooractive,event,Event,corrected-from-document-section,category,,Traditioneller Tanz,event,Kategorie,Traditioneller Tanz,False,,,,AH67-T366 neues Mapping: Event,665
map-outdooractive-event-category-turnier-wettbewerb-14c337f729,mapping,map,Outdooractive,event,Event,corrected-from-document-section,category,,Turnier & Wettbewerb,event,Kategorie,Sport | Turnier & Wettbewerb,True,,,,Events | AH67-T366 neues Mapping: Event,608 | 708
map-outdooractive-event-category-variete-revue-7bba275e4f,mapping,map,Outdooractive,event,Event,corrected-from-document-section,category,,Varieté & Revue,event,Kategorie,Varieté & Revue,False,,,,AH67-T366 neues Mapping: Event,722
map-outdooractive-event-category-veranstaltungen-99b8c985b3,mapping,map,Outdooractive,event,Event,corrected-from-document-section,category,,Veranstaltungen,event,Kategorie,Sonstiges,False,,,,Events,635
map-outdooractive-event-category-verkaufsoffener-sonntag-3213bfd161,mapping,map,Outdooractive,event,Event,corrected-from-document-section,category,,Verkaufsoffener Sonntag,event,Kategorie,Verkaufsoffener Sonntag,False,,,,AH67-T366 neues Mapping: Event,666
map-outdooractive-event-category-vinothek-c79cb2e2f8,mapping,map,Outdooractive,event,Event,corrected-from-document-section,category,,Vinothek,event,Kategorie,Weinstube/Vinothek,False,,,,A26A-T438,641
map-outdooractive-event-category-volkstheater-d04a3cc966,mapping,map,Outdooractive,event,Event,corrected-from-document-section,category,,Volkstheater,event,Kategorie,Volksfest | Volkstheater,True,,,,Events | AH67-T366 neues Mapping: Event,609 | 723
map-outdooractive-event-category-vortrag-0a27a4e535,mapping,map,Outdooractive,event,Event,corrected-from-document-section,category,,Vortrag,event,Kategorie,Vortrag/Lesung/Diskussion | Vortrag,True,,,,Events | AH67-T366 neues Mapping: Event,590 | 728
map-outdooractive-event-category-wandern-berge-34543a9202,mapping,map,Outdooractive,event,Event,corrected-from-document-section,category,,Wandern & Berge,event,Kategorie,Wanderung,False,,,,Events | AH67-T366 neues Mapping: Event,595 | 709
map-outdooractive-event-category-wassersport-709dbe2553,mapping,map,Outdooractive,event,Event,corrected-from-document-section,category,,Wassersport,event,Kategorie,Wassersportveranstaltung,False,,,,Events | AH67-T366 neues Mapping: Event,615 | 710
map-outdooractive-event-category-weihnachten-165bde5640,mapping,map,Outdooractive,event,Event,corrected-from-document-section,category,,Weihnachten,event,Kategorie,Weihnachtsveranstaltung | Weihnachten,True,,,,Events | AH67-T366 neues Mapping: Event,597 | 667
map-outdooractive-event-category-weihnachtskonzert-3937f94569,mapping,map,Outdooractive,event,Event,corrected-from-document-section,category,,Weihnachtskonzert,event,Kategorie,Weihnachtsveranstaltung | Weihnachtskonzert,True,,,,Events | AH67-T366 neues Mapping: Event,633 | 691
map-outdooractive-event-category-weihnachtsmarkt-0fb2cad908,mapping,map,Outdooractive,event,Event,corrected-from-document-section,category,,Weihnachtsmarkt,event,Kategorie,Weihnachtsveranstaltung | Weihnachtsmarkt,True,,,,Events | AH67-T366 neues Mapping: Event,625 | 668
map-outdooractive-event-category-weinstube-6ba81b31a6,mapping,map,Outdooractive,event,Event,corrected-from-document-section,category,,Weinstube,event,Kategorie,Weinstube/Vinothek,False,,,,A26A-T438,640
map-outdooractive-event-category-wintersport-eissport-f1e16ccc63,mapping,map,Outdooractive,event,Event,corrected-from-document-section,category,,Wintersport & Eissport,event,Kategorie,Sport | Wintersportveranstaltung,True,,,,Events | AH67-T366 neues Mapping: Event,627 | 711
map-outdooractive-event-category-zirkus-3a66eb5027,mapping,map,Outdooractive,event,Event,corrected-from-document-section,category,,Zirkus,event,Kategorie,Zirkus,False,,,,AH67-T366 neues Mapping: Event,724
map-tis-event-event-category-aktiv-sport-925cf19962,mapping,map,TIS Event,event,Event,confirmed-by-section-heading,category,,Aktiv/Sport,event,Kategorie,Sport,False,,,,,1104
map-tis-event-event-category-ausstellung-kunst-5c3c85fcd3,mapping,map,TIS Event,event,Event,confirmed-by-section-heading,category,,Ausstellung / Kunst,event,Kategorie,Ausstellung | Kunst und Kultur,True,,,,,1105 | 1106
map-tis-event-event-category-familien-kinderveranstaltungen-271ea51152,mapping,map,TIS Event,event,Event,confirmed-by-section-heading,category,,Familien-/Kinderveranstaltungen,event,Kategorie,Familie/Kinder,False,,,,,1107
map-tis-event-event-category-felsenbuhne-rathen-b45d2bd516,mapping,map,TIS Event,event,Event,confirmed-by-section-heading,category,,Felsenbühne Rathen,event,Kategorie,Bühne/Theater,False,,,,,1108
map-tis-event-event-category-feste-markte-4120fd09ca,mapping,map,TIS Event,event,Event,confirmed-by-section-heading,category,,Feste/Märkte,event,Kategorie,Fest | Markt,True,,,,,1109 | 1110
map-tis-event-event-category-festival-sandstein-musik-704f240d20,mapping,map,TIS Event,event,Event,confirmed-by-section-heading,category,,Festival Sandstein & Musik,event,Kategorie,Festival,False,,,,,1111
map-tis-event-event-category-festival-konzert-835d87f559,mapping,map,TIS Event,event,Event,confirmed-by-section-heading,category,,Festival/Konzert,event,Kategorie,Festival,False,,,,,1112
map-tis-event-event-category-fuhrung-d878ebcee9,mapping,map,TIS Event,event,Event,confirmed-by-section-heading,category,,Führung,event,Kategorie,Führung/Besichtigung,False,,,,,1113
map-tis-event-event-category-gesundheit-wellness-b554665d68,mapping,map,TIS Event,event,Event,confirmed-by-section-heading,category,,Gesundheit / Wellness,event,Kategorie,Gesundheit/Wellness,False,,,,,1114
map-tis-event-event-category-kino-film-89f3859daa,mapping,map,TIS Event,event,Event,confirmed-by-section-heading,category,,Kino / Film,event,Kategorie,Kino/Film,False,,,,,1115
map-tis-event-event-category-kulinarisches-ad94b1cff3,mapping,map,TIS Event,event,Event,confirmed-by-section-heading,category,,Kulinarisches,event,Kategorie,Kulinarik,False,,,,,1116
map-tis-event-event-category-party-tanz-669ac84d63,mapping,map,TIS Event,event,Event,confirmed-by-section-heading,category,,Party / Tanz,event,Kategorie,Party/Nachtleben,False,,,,,1117
map-tis-event-event-category-schiffs-und-bootstouren-303d6a944e,mapping,map,TIS Event,event,Event,confirmed-by-section-heading,category,,Schiffs- und Bootstouren,event,Kategorie,Ausflugsfahrt,False,,,,,1118
map-tis-event-event-category-sonstiges-ee158f045c,mapping,map,TIS Event,event,Event,confirmed-by-section-heading,category,,Sonstiges,event,Kategorie,Sonstiges,False,,,,,1119
map-tis-event-event-category-theater-buhne-c046eb30d1,mapping,map,TIS Event,event,Event,confirmed-by-section-heading,category,,Theater / Bühne,event,Kategorie,Bühne/Theater,False,,,,,1120
map-tis-event-event-category-unterhaltung-45ccf6a2aa,mapping,map,TIS Event,event,Event,confirmed-by-section-heading,category,,Unterhaltung,event,Kategorie,Bühne/Theater,False,,,,,1121
map-tis-event-event-category-vortrag-lesung-8bd0d9ad5c,mapping,map,TIS Event,event,Event,confirmed-by-section-heading,category,,Vortrag / Lesung,event,Kategorie,Vortrag/Lesung/Diskussion,False,,,,,1122
map-tis-event-event-category-wanderungen-touren-exkursionen-2450800a81,mapping,map,TIS Event,event,Event,confirmed-by-section-heading,category,,Wanderungen/Touren/Exkursionen,event,Kategorie,Wanderung,False,,,,,1123
map-tis-event-event-category-weihnachten-advent-77051a243d,mapping,map,TIS Event,event,Event,confirmed-by-section-heading,category,,Weihnachten / Advent,event,Kategorie,Weihnachtsveranstaltung,False,,,,,1124
map-tis-event-event-category-workshops-kurse-c394fbfa4a,mapping,map,TIS Event,event,Event,confirmed-by-section-heading,category,,Workshops / Kurse,event,Kategorie,Seminar/Kurs/Workshop,False,,,,,1125
map-damas-gastro-category-ausflugslokal-biergarten-a8eadb8276,mapping,map,DAMAS,gastro,Gastro,confirmed,category,,Ausflugslokal / Biergarten,gastro,Betriebsart,Biergarten,False,,,,Gastro,22
map-damas-gastro-category-bar-kneipe-d5f788d89b,mapping,map,DAMAS,gastro,Gastro,confirmed,category,,Bar / Kneipe,gastro,Betriebsart,Pub/Kneipe,False,,,,Gastro,25
map-damas-gastro-category-brauerei-1817da7155,mapping,map,DAMAS,gastro,Gastro,confirmed,category,,Brauerei,gastro,Betriebsart,Brauereigaststätte,False,,,,Gastro,23
map-damas-gastro-category-cafe-88ceb35f7a,mapping,map,DAMAS,gastro,Gastro,confirmed,category,,Café,gastro,Betriebsart,Café,False,,,,Gastro,24
map-damas-gastro-category-restaurant-18cffbb54d,mapping,map,DAMAS,gastro,Gastro,confirmed,category,,Restaurant,gastro,Betriebsart,Restaurant,False,,,,Gastro,26
map-damas-gastro-category-restaurants-cafes-und-ausflugsgaststatten-ee6a07a5fe,mapping,map,DAMAS,gastro,Gastro,confirmed,category,,"Restaurants, Cafés und Ausflugsgaststätten",gastro,Betriebsart,Ausflugslokal,False,,,,Gastro,27
map-outdooractive-gastro-category-alpe-bewirtschaftet-a1711c7688,mapping,map,Outdooractive,gastro,Gastro,confirmed,category,,Alpe bewirtschaftet,gastro,Betriebsart,Alpe (bewirtschaftet),False,,,,http://handler.et4.de/OutdoorActiveFeedProxyDelta/Tree.ashx?e=sachsen-tourismus&m=Gastro,370
map-outdooractive-gastro-category-berggasthof-3648222512,mapping,map,Outdooractive,gastro,Gastro,confirmed,category,,Berggasthof,gastro,Betriebsart,Gasthof,False,,,,http://handler.et4.de/OutdoorActiveFeedProxyDelta/Tree.ashx?e=sachsen-tourismus&m=Gastro,363
map-outdooractive-gastro-category-brauerei-3336c7bc36,mapping,map,Outdooractive,gastro,Gastro,confirmed,category,,Brauerei,gastro,Betriebsart,Brauereigaststätte,False,,,,http://handler.et4.de/OutdoorActiveFeedProxyDelta/Tree.ashx?e=sachsen-tourismus&m=Gastro,361
map-outdooractive-gastro-category-brennerei-2768d659d6,mapping,map,Outdooractive,gastro,Gastro,confirmed,category,,Brennerei,gastro,Betriebsart,Brauereigaststätte,False,,,,http://handler.et4.de/OutdoorActiveFeedProxyDelta/Tree.ashx?e=sachsen-tourismus&m=Gastro,362
map-outdooractive-gastro-category-cafe-158609383b,mapping,map,Outdooractive,gastro,Gastro,confirmed,category,,Cafe,gastro,Betriebsart,Café,False,,,,http://handler.et4.de/OutdoorActiveFeedProxyDelta/Tree.ashx?e=sachsen-tourismus&m=Gastro,369
map-outdooractive-gastro-category-eisdiele-7161c99694,mapping,map,Outdooractive,gastro,Gastro,confirmed,category,,Eisdiele,gastro,Betriebsart,Eisdiele/Eiscafé,False,,,,http://handler.et4.de/OutdoorActiveFeedProxyDelta/Tree.ashx?e=sachsen-tourismus&m=Gastro,358
map-outdooractive-gastro-category-gaststatte-zeitw-geoffnet-21a62692d2,mapping,map,Outdooractive,gastro,Gastro,confirmed,category,,Gaststätte (zeitw. geöffnet),gastro,Betriebsart,Gaststätte,False,,,,http://handler.et4.de/OutdoorActiveFeedProxyDelta/Tree.ashx?e=sachsen-tourismus&m=Gastro,368
map-outdooractive-gastro-category-imbiss-e991cea1b2,mapping,map,Outdooractive,gastro,Gastro,confirmed,category,,Imbiss,gastro,Betriebsart,Bistro,False,,,,http://handler.et4.de/OutdoorActiveFeedProxyDelta/Tree.ashx?e=sachsen-tourismus&m=Gastro,365
map-outdooractive-gastro-category-kaffeehaus-310e1ff0f0,mapping,map,Outdooractive,gastro,Gastro,confirmed,category,,Kaffeehaus,gastro,Betriebsart,Café,False,,,,http://handler.et4.de/OutdoorActiveFeedProxyDelta/Tree.ashx?e=sachsen-tourismus&m=Gastro,364
map-outdooractive-gastro-category-kneipe-349104e528,mapping,map,Outdooractive,gastro,Gastro,confirmed,category,,Kneipe,gastro,Betriebsart,Pub/Kneipe,False,,,,http://handler.et4.de/OutdoorActiveFeedProxyDelta/Tree.ashx?e=sachsen-tourismus&m=Gastro,359
map-outdooractive-gastro-category-nightlife-97a8c6b0cd,mapping,map,Outdooractive,gastro,Gastro,confirmed,category,,Nightlife,gastro,Betriebsart,Pub/Kneipe,False,,,,http://handler.et4.de/OutdoorActiveFeedProxyDelta/Tree.ashx?e=sachsen-tourismus&m=Gastro,366
map-outdooractive-gastro-category-pizzeria-04054dfe62,mapping,map,Outdooractive,gastro,Gastro,confirmed,category,,Pizzeria,gastro,Betriebsart,Restaurant,False,,,,http://handler.et4.de/OutdoorActiveFeedProxyDelta/Tree.ashx?e=sachsen-tourismus&m=Gastro,367
map-outdooractive-gastro-category-pub-57cc2ac9de,mapping,map,Outdooractive,gastro,Gastro,confirmed,category,,Pub,gastro,Betriebsart,Pub/Kneipe,False,,,,http://handler.et4.de/OutdoorActiveFeedProxyDelta/Tree.ashx?e=sachsen-tourismus&m=Gastro,360
map-tis-gastro-gastro-category-bar-44900f3319,mapping,map,TIS Gastro,gastro,Gastro,confirmed-by-section-heading,category,,Bar,gastro,Betriebsart,Bar,False,,,,,1093
map-tis-gastro-gastro-category-berggasthof-c365f1ed0a,mapping,map,TIS Gastro,gastro,Gastro,confirmed-by-section-heading,category,,Berggasthof,gastro,Betriebsart,Gaststätte,False,,,,,1094
map-tis-gastro-gastro-category-biergarten-brauerei-e43bd5f934,mapping,map,TIS Gastro,gastro,Gastro,confirmed-by-section-heading,category,,Biergarten / Brauerei,gastro,Betriebsart,Biergarten | Brauereigaststätte,True,,,,,1096 | 1097
map-tis-gastro-gastro-category-bistro-b4f6cd7646,mapping,map,TIS Gastro,gastro,Gastro,confirmed-by-section-heading,category,,Bistro,gastro,Betriebsart,Bistro,False,,,,,1095
map-tis-gastro-gastro-category-cafe-d1a7be88ec,mapping,map,TIS Gastro,gastro,Gastro,confirmed-by-section-heading,category,,Café,gastro,Betriebsart,Café,False,,,,,1091
map-tis-gastro-gastro-category-gastronomie-2303789727,mapping,map,TIS Gastro,gastro,Gastro,confirmed-by-section-heading,category,,Gastronomie,gastro,Betriebsart,Restaurant,False,,,,,1090
map-tis-gastro-gastro-category-gaststatte-5644a90af4,mapping,map,TIS Gastro,gastro,Gastro,confirmed-by-section-heading,category,,Gaststätte,gastro,Betriebsart,Gaststätte,False,,,,,1092
map-bookingkit-package-category-shows-musicals-71cf74d724,mapping,map,Bookingkit,package,Package,inferred,category,,Shows & Musicals,package,,Städte und Kultur,False,,,,,6
map-bookingkit-package-category-theater-e6f76c0c41,mapping,map,Bookingkit,package,Package,inferred,category,,Theater,package,,Städte und Kultur,False,,,,,5
map-bookingkit-package-category-tickets-eintrittskarten-daa9d1265a,mapping,map,Bookingkit,package,Package,inferred,category,,Tickets & Eintrittskarten,package,,Städte und Kultur,False,,,,,4
map-feratel-package-category-ausfluge-und-erlebnisse-e8c9e98b17,mapping,map,Feratel,package,_feratel_Erlebnisse,confirmed,category,de,Ausflüge und Erlebnisse,package,,Ausflüge & Erlebnisse,False,,,,,181
map-feratel-package-category-bestseller-2b85f16eba,mapping,map,Feratel,package,_feratel_Erlebnisse,confirmed,category,de,Bestseller,package,,Bestseller,False,,,,,208
map-feratel-package-category-erlebnis-wasser-6dac4e8b23,mapping,map,Feratel,package,_feratel_Erlebnisse,confirmed,category,de,Erlebnis Wasser,package,,Familien-Erlebnisse | Erlebnis Wasser,True,,,,,199 | 200
map-feratel-package-category-familienerlebnisse-402957d85a,mapping,map,Feratel,package,_feratel_Erlebnisse,confirmed,category,de,Familienerlebnisse,package,,Familien-Erlebnisse,False,,,,,196
map-feratel-package-category-gefuhrte-touren-cd548ecd45,mapping,map,Feratel,package,_feratel_Erlebnisse,confirmed,category,de,Geführte Touren,package,,geführte Touren,False,,,,,192
map-feratel-package-category-gefuhrte-wanderung-9992bb21e4,mapping,map,Feratel,package,_feratel_Erlebnisse,confirmed,category,de,Geführte Wanderung,package,,Wandern & Trekking | geführte Wanderung,True,,,,,189 | 190
map-feratel-package-category-gruppenfuhrung-bf1de774f0,mapping,map,Feratel,package,_feratel_Erlebnisse,confirmed,category,de,Gruppenführung,package,,Gruppenführung,False,,,,,193
map-feratel-package-category-gutscheine-ff399e1176,mapping,map,Feratel,package,_feratel_Erlebnisse,confirmed,category,de,Gutscheine,package,,Gutscheine,False,,,,,201
map-feratel-package-category-halbtagesprogramm-fur-gruppen-35e82c249e,mapping,map,Feratel,package,_feratel_Erlebnisse,confirmed,category,de,Halbtagesprogramm für Gruppen,package,,Halbtagesprogramm für Gruppen,False,,,,,194
map-feratel-package-category-jetzt-nach-sachsen-8e018bf225,mapping,map,Feratel,package,Package,confirmed,category,de,Jetzt nach Sachsen!,package,,Individual-Angebot,False,,,,,173
map-feratel-package-category-kinderspa-6853bd3775,mapping,map,Feratel,package,_feratel_Erlebnisse,confirmed,category,de,Kinderspaß,package,,Familien-Erlebnisse | Kinderspaß,True,,,,,197 | 198
map-feratel-package-category-konzerte-und-festivals-9e0b3d1926,mapping,map,Feratel,package,_feratel_Erlebnisse,confirmed,category,de,Konzerte und Festivals,package,,Tickets | Konzerte und Festivals,True,,,,,206 | 207
map-feratel-package-category-kulinarik-a82de2a814,mapping,map,Feratel,package,_feratel_Erlebnisse,confirmed,category,de,Kulinarik,package,,Kulinarik,False,,,,,179
map-feratel-package-category-kultur-pur-d0221c3baf,mapping,map,Feratel,package,Package,confirmed,category,de,Kultur pur,package,,Städte & Kultur,False,,,,,172
map-feratel-package-category-kunst-und-kultur-b356417064,mapping,map,Feratel,package,Package,confirmed,category,de,Kunst und Kultur,package,,Städte & Kultur,False,,,,,175
map-feratel-package-category-rad-und-mountainbike-e423539315,mapping,map,Feratel,package,_feratel_Erlebnisse,confirmed,category,de,Rad und Mountainbike,package,,Rad und Mountainbike,False,,,,,191
map-feratel-package-category-stadtrundfahrten-b9f9b3a0ea,mapping,map,Feratel,package,_feratel_Erlebnisse,confirmed,category,de,Stadtrundfahrten,package,,Ausflüge & Erlebnisse | Stadtrundfahrten,True,,,,,182 | 183
map-feratel-package-category-stadtschonheiten-acb33129ef,mapping,map,Feratel,package,Package,confirmed,category,de,Stadtschönheiten,package,,Städte & Kultur,False,,,,,174
map-feratel-package-category-tagesfahrten-e2a42d4779,mapping,map,Feratel,package,_feratel_Erlebnisse,confirmed,category,de,Tagesfahrten,package,,Ausflüge & Erlebnisse | Tagesfahrten,True,,,,,184 | 185
map-feratel-package-category-tagesprogramm-fur-gruppen-a5cbd3e1ce,mapping,map,Feratel,package,_feratel_Erlebnisse,confirmed,category,de,Tagesprogramm für Gruppen,package,,Tagesprogramm für Gruppen,False,,,,,195
map-feratel-package-category-theater-und-buhne-9e7ea2c6ef,mapping,map,Feratel,package,_feratel_Erlebnisse,confirmed,category,de,Theater und Bühne,package,,Tickets | Theater und Bühne,True,,,,,204 | 205
map-feratel-package-category-tickets-ce818009d2,mapping,map,Feratel,package,_feratel_Erlebnisse,confirmed,category,de,Tickets,package,,Tickets,False,,,,,202 | 203
map-feratel-package-category-verleih-9ec9a9dfca,mapping,map,Feratel,package,_feratel_Erlebnisse,confirmed,category,de,Verleih,package,,Verleih,False,,,,,180
map-feratel-package-category-wandern-und-trekking-29a6d6363d,mapping,map,Feratel,package,_feratel_Erlebnisse,confirmed,category,de,Wandern und Trekking,package,,Wandern & Trekking,False,,,,,188
map-feratel-package-category-offentliche-fuhrung-6014a090be,mapping,map,Feratel,package,_feratel_Erlebnisse,confirmed,category,de,Öffentliche Führung,package,,Ausflüge & Erlebnisse | Öffentliche Führung,True,,,,,186 | 187
map-regiondo-package-category-ausflug-mit-kinder-747e2d9468,mapping,map,Regiondo,package,Package,confirmed,category,,Ausflug mit Kinder ,package,,Familienurlaub,False,,,,Package,1148
map-regiondo-package-category-ausfluge-erlebnisse-d1bcf2f611,mapping,map,Regiondo,package,Package,confirmed,category,,Ausflüge & Erlebnisse,package,,Spezialangebote,False,,,,Package,1135
map-regiondo-package-category-ball-mannschaftssport-ef11b72c9f,mapping,map,Regiondo,package,Package,confirmed,category,,Ball- & Mannschaftssport,package,,Aktiv & Natur,False,,,,Package,1170
map-regiondo-package-category-ballonfahrten-rundfluge-f8cee288bd,mapping,map,Regiondo,package,Package,confirmed,category,,Ballonfahrten & Rundflüge,package,,Spezialangebote,False,,,,Package,1187
map-regiondo-package-category-besondere-stadtrundfahrten-d9c85a84cf,mapping,map,Regiondo,package,Package,confirmed,category,,Besondere Stadtrundfahrten,package,,Spezialangebote,False,,,,Package,1155
map-regiondo-package-category-bustouren-18b3ff5e7c,mapping,map,Regiondo,package,Package,confirmed,category,,Bustouren,package,,Spezialangebote,False,,,,Package,1185
map-regiondo-package-category-canadiertouren-1cc365abb0,mapping,map,Regiondo,package,Package,confirmed,category,,Canadiertouren,package,,Aktiv & Natur,False,,,,Package,1161
map-regiondo-package-category-comedyfuhrungen-61b85e5160,mapping,map,Regiondo,package,Package,confirmed,category,,Comedyführungen,package,,Spezialangebote,False,,,,Package,1174
map-regiondo-package-category-erlebnishotels-kurztrips-dd559e6c7e,mapping,map,Regiondo,package,Package,confirmed,category,,Erlebnishotels & Kurztrips,package,,Spezialangebote,False,,,,Package,1153
map-regiondo-package-category-events-veranstaltungen-f5ebc7fba3,mapping,map,Regiondo,package,Package,confirmed,category,,Events & Veranstaltungen,package,,Spezialangebote,False,,,,Package,1167
map-regiondo-package-category-fahrspa-badc992d82,mapping,map,Regiondo,package,Package,confirmed,category,,Fahrspaß,package,,Spezialangebote,False,,,,Package,1138
map-regiondo-package-category-familienausflug-a4f6af1fd1,mapping,map,Regiondo,package,Package,confirmed,category,,Familienausflug,package,,Familienurlaub,False,,,,Package,1143
map-regiondo-package-category-feriendorf-bauernhof-a1909a816f,mapping,map,Regiondo,package,Package,confirmed,category,,Feriendorf & Bauernhof,package,,Spezialangebote,False,,,,Package,1175
map-regiondo-package-category-flugsimulator-315e5ee96d,mapping,map,Regiondo,package,Package,confirmed,category,,Flugsimulator,package,,Spezialangebote,False,,,,Package,1179
map-regiondo-package-category-flugsport-e3d90c53d2,mapping,map,Regiondo,package,Package,confirmed,category,,Flugsport,package,,Spezialangebote,False,,,,Package,1180
map-regiondo-package-category-fotografie-film-8b4cb0add7,mapping,map,Regiondo,package,Package,confirmed,category,,Fotografie & Film,package,,Städte und Kultur,False,,,,Package,1181
map-regiondo-package-category-fotogrundkurse-94b788f3ea,mapping,map,Regiondo,package,Package,confirmed,category,,Fotogrundkurse,package,,Städte und Kultur,False,,,,Package,1182
map-regiondo-package-category-freizeit-27b8d4e1f0,mapping,map,Regiondo,package,Package,confirmed,category,,Freizeit,package,,Spezialangebote,False,,,,Package,1137
map-regiondo-package-category-fuhrungen-fur-kinder-39d4a25ef3,mapping,map,Regiondo,package,Package,confirmed,category,,Führungen für Kinder,package,,Familienurlaub,False,,,,Package,1169
map-regiondo-package-category-geocaching-3a5102ca85,mapping,map,Regiondo,package,Package,confirmed,category,,Geocaching,package,,Wandern,False,,,,Package,1158
map-regiondo-package-category-geschenkideen-03dff0f1b9,mapping,map,Regiondo,package,Package,confirmed,category,,Geschenkideen,package,,Spezialangebote,False,,,,Package,1141
map-regiondo-package-category-golf-054c5b1977,mapping,map,Regiondo,package,Package,confirmed,category,,Golf,package,,Aktiv & Natur,False,,,,Package,1171
map-regiondo-package-category-golfkurse-aec0d57517,mapping,map,Regiondo,package,Package,confirmed,category,,Golfkurse,package,,Aktiv & Natur,False,,,,Package,1172
map-regiondo-package-category-gruselige-stadtfuhrungen-1b0e20d1d5,mapping,map,Regiondo,package,Package,confirmed,category,,Gruselige Stadtführungen,package,,Spezialangebote,False,,,,Package,1154
map-regiondo-package-category-historische-stadtfuhrungen-af2110a438,mapping,map,Regiondo,package,Package,confirmed,category,,Historische Stadtführungen,package,,Städte und Kultur,False,,,,Package,1145
map-regiondo-package-category-hubschrauberrundfluge-9bfb244f89,mapping,map,Regiondo,package,Package,confirmed,category,,Hubschrauberrundflüge,package,,Spezialangebote,False,,,,Package,1188
map-regiondo-package-category-indoorspielplatze-0cee511953,mapping,map,Regiondo,package,Package,confirmed,category,,Indoorspielplätze,package,,Familienurlaub,False,,,,Package,1166
map-regiondo-package-category-junggesellenabschied-635a5cf226,mapping,map,Regiondo,package,Package,confirmed,category,,Junggesellenabschied,package,,Spezialangebote,False,,,,Package,1165
map-regiondo-package-category-klassenfahrten-0f7949af94,mapping,map,Regiondo,package,Package,confirmed,category,,Klassenfahrten,package,,Spezialangebote,False,,,,Package,1142
map-regiondo-package-category-kulinarische-stadtfuhrungen-ad7ecdad2b,mapping,map,Regiondo,package,Package,confirmed,category,,Kulinarische Stadtführungen,package,,Kulinarik,False,,,,Package,1173
map-regiondo-package-category-kulinarisches-3799f978a7,mapping,map,Regiondo,package,Package,confirmed,category,,Kulinarisches,package,,Kulinarik,False,,,,Package,1177
map-regiondo-package-category-lamawanderungen-80a515a28f,mapping,map,Regiondo,package,Package,confirmed,category,,Lamawanderungen,package,,Wandern,False,,,,Package,1157
map-regiondo-package-category-mit-der-rikscha-fdde660dcd,mapping,map,Regiondo,package,Package,confirmed,category,,Mit der Rikscha,package,,Spezialangebote,False,,,,Package,1156
map-regiondo-package-category-museen-ff31367932,mapping,map,Regiondo,package,Package,confirmed,category,,Museen,package,,Städte und Kultur,False,,,,Package,1149
map-regiondo-package-category-offroad-67a60989d6,mapping,map,Regiondo,package,Package,confirmed,category,,Offroad,package,,Spezialangebote,False,,,,Package,1184
map-regiondo-package-category-outdoor-action-22f7d04b5e,mapping,map,Regiondo,package,Package,confirmed,category,,Outdoor Action,package,,Aktiv & Natur,False,,,,Package,1162
map-regiondo-package-category-partyorganisation-1c90fc01f9,mapping,map,Regiondo,package,Package,confirmed,category,,Partyorganisation,package,,Spezialangebote,False,,,,Package,1168
map-regiondo-package-category-segway-08432233d0,mapping,map,Regiondo,package,Package,confirmed,category,,Segway,package,,Spezialangebote,False,,,,Package,1139
map-regiondo-package-category-sehenswurdigkeiten-44cd91d36f,mapping,noTarget,Regiondo,package,Package,confirmed,category,,Sehenswürdigkeiten,package,,,False,,,,Package,1152
map-regiondo-package-category-spiel-spa-ebf7c1f668,mapping,map,Regiondo,package,Package,confirmed,category,,Spiel & Spaß,package,,Spezialangebote,False,,,,Package,1151
map-regiondo-package-category-sport-67c5608e36,mapping,map,Regiondo,package,Package,confirmed,category,,Sport,package,,Aktiv & Natur,False,,,,Package,1147
map-regiondo-package-category-stadtfuhrungen-cbde0e64df,mapping,map,Regiondo,package,Package,confirmed,category,,Stadtführungen,package,,Städte und Kultur,False,,,,Package,1136
map-regiondo-package-category-stadtspaziergange-77e7d7aea4,mapping,map,Regiondo,package,Package,confirmed,category,,Stadtspaziergänge,package,,Städte und Kultur,False,,,,Package,1144
map-regiondo-package-category-stadte-kultur-b090da7c6b,mapping,map,Regiondo,package,Package,confirmed,category,,Städte & Kultur,package,,Städte und Kultur,False,,,,Package,1134
map-regiondo-package-category-tastings-seminare-99ce4bc56a,mapping,map,Regiondo,package,Package,confirmed,category,,Tastings & Seminare,package,,Kulinarik,False,,,,Package,1178
map-regiondo-package-category-tauchkurse-4da0fe35ff,mapping,map,Regiondo,package,Package,confirmed,category,,Tauchkurse,package,,Aktiv & Natur,False,,,,Package,1164
map-regiondo-package-category-tiere-natur-c0efa60e47,mapping,map,Regiondo,package,Package,confirmed,category,,Tiere & Natur,package,,Aktiv & Natur,False,,,,Package,1176
map-regiondo-package-category-traumautos-020957d6e7,mapping,map,Regiondo,package,Package,confirmed,category,,Traumautos,package,,Spezialangebote,False,,,,Package,1150
map-regiondo-package-category-vatertagsgeschenke-a7e695c298,mapping,map,Regiondo,package,Package,confirmed,category,,Vatertagsgeschenke,package,,Spezialangebote,False,,,,Package,1140
map-regiondo-package-category-vereinsausflug-7f8bb4a04d,mapping,map,Regiondo,package,Package,confirmed,category,,Vereinsausflug ,package,,Spezialangebote,False,,,,Package,1159
map-regiondo-package-category-wandern-trekking-8a3b63c10a,mapping,map,Regiondo,package,Package,confirmed,category,,Wandern & Trekking,package,,Wandern,False,,,,Package,1146
map-regiondo-package-category-wassersport-b0623720bb,mapping,map,Regiondo,package,Package,confirmed,category,,Wassersport,package,,Aktiv & Natur,False,,,,Package,1163
map-regiondo-package-category-weihnachtsmarktfuhrungen-698d0a7e19,mapping,map,Regiondo,package,Package,confirmed,category,,Weihnachtsmarktführungen,package,,Advent / Weihnacht,False,,,,Package,1186
map-regiondo-package-category-wildwasser-49445ef60b,mapping,map,Regiondo,package,Package,confirmed,category,,Wildwasser,package,,Aktiv & Natur,False,,,,Package,1160
map-regiondo-package-category-workshops-kurse-797ba96323,mapping,map,Regiondo,package,Package,confirmed,category,,Workshops & Kurse,package,,Spezialangebote,False,,,,Package,1183
map-damas-poi-category-aktiverlebnisse-5380521cbe,mapping,map,DAMAS,poi,Poi,confirmed,category,,Aktiverlebnisse,poi,Kategorie,Funsport,False,,,,Poi,70
map-damas-poi-category-angelgewasser-72c78c688a,mapping,map,DAMAS,poi,Poi,confirmed,category,,Angelgewässer,poi,Kategorie,Angeln/Fischen,False,,,,Poi,46
map-damas-poi-category-ausflugsschifffahrt-78599c73c0,mapping,map,DAMAS,poi,Poi,confirmed,category,,Ausflugsschifffahrt,poi,Kategorie,Schifffahrt,False,,,,Poi,34
map-damas-poi-category-aussichtsturme-1363d92053,mapping,map,DAMAS,poi,Poi,confirmed,category,,Aussichtstürme,poi,Kategorie,Aussichtspunkt/-turm,False,,,,Poi,29
map-damas-poi-category-besucherzentren-f97670d92f,mapping,map,DAMAS,poi,Poi,confirmed,category,,Besucherzentren,poi,Kategorie,Sonstiges,False,,,,Poi,67
map-damas-poi-category-bootsvermietung-kanu-etc-3324893781,mapping,map,DAMAS,poi,Poi,confirmed,category,,Bootsvermietung (Kanu etc.),poi,Kategorie,Bootsverleih,False,,,,Poi,62
map-damas-poi-category-burgen-6e68b412e1,mapping,map,DAMAS,poi,Poi,confirmed,category,,Burgen,poi,Kategorie,Burg,False,,,,Poi,31
map-damas-poi-category-buhnen-1967eef541,mapping,map,DAMAS,poi,Poi,confirmed,category,,Bühnen,poi,Kategorie,Spielstätte,False,,,,Poi,42
map-damas-poi-category-coworking-0bc99b8f7a,mapping,map,DAMAS,poi,Poi,confirmed,category,,Coworking,poi,Kategorie,Coworking Space,False,,,,Poi,76
map-damas-poi-category-erlebnis-und-spa-bader-39a20f73d3,mapping,map,DAMAS,poi,Poi,confirmed,category,,Erlebnis- und Spaßbäder,poi,Kategorie,Hallenbad/Erlebnisbad,False,,,,Poi,55
map-damas-poi-category-fahrradvermietung-service-25a0ee82a7,mapping,map,DAMAS,poi,Poi,confirmed,category,,Fahrradvermietung/-service,poi,Kategorie,Fahrradverleih/-reparatur,False,,,,Poi,64
map-damas-poi-category-flo-e-37731eba1e,mapping,map,DAMAS,poi,Poi,confirmed,category,,Flöße,poi,Kategorie,Wassersport,False,,,,Poi,52
map-damas-poi-category-galerien-ateliers-ce3d61e646,mapping,map,DAMAS,poi,Poi,confirmed,category,,Galerien & Ateliers,poi,Kategorie,Galerie,False,,,,Poi,35
map-damas-poi-category-geprufte-touristinformationen-und-info-stellen-4d05ea576c,mapping,map,DAMAS,poi,Poi,confirmed,category,,Geprüfte Touristinformationen und Info-Stellen,poi,Kategorie,Tourist-Information,False,,,,Poi,65
map-damas-poi-category-geschafte-einkaufszentren-60ade895e6,mapping,map,DAMAS,poi,Poi,confirmed,category,,Geschäfte & Einkaufszentren,poi,Kategorie,Einzelhandel,False,,,,Poi,43
map-damas-poi-category-golfplatze-a40d143bd9,mapping,map,DAMAS,poi,Poi,confirmed,category,,Golfplätze,poi,Kategorie,Golf,False,,,,Poi,45
map-damas-poi-category-garten-und-parkanlagen-722dacc476,mapping,map,DAMAS,poi,Poi,confirmed,category,,Gärten und Parkanlagen,poi,Kategorie,Park/Garten,False,,,,Poi,41
map-damas-poi-category-handwerk-manufakturen-d3655ce4c7,mapping,map,DAMAS,poi,Poi,confirmed,category,,Handwerk & Manufakturen,poi,Kategorie,Schauwerkstatt/Manufaktur,False,,,,Poi,39
map-damas-poi-category-hausboot-motorbootvermietung-f25616d1d1,mapping,map,DAMAS,poi,Poi,confirmed,category,,Hausboot- & Motorbootvermietung,poi,Kategorie,Bootsverleih,False,,,,Poi,63
map-damas-poi-category-historische-baudenkmaler-und-statten-3564a1bc5e,mapping,map,DAMAS,poi,Poi,confirmed,category,,Historische Baudenkmäler und Stätten,poi,Kategorie,Historische Stätte,False,,,,Poi,33
map-damas-poi-category-hofladen-12dde9a7cc,mapping,map,DAMAS,poi,Poi,confirmed,category,,Hofläden,poi,Kategorie,Einzelhandel,False,,,,Poi,44
map-damas-poi-category-in-der-luft-2ed43f37ff,mapping,map,DAMAS,poi,Poi,confirmed,category,,In der Luft,poi,Kategorie,Wassersport,False,,,,Poi,53
map-damas-poi-category-industriekultur-ce09bf1224,mapping,map,DAMAS,poi,Poi,confirmed,category,,Industriekultur,poi,Kategorie,Industrie-/Werksbesichtigung,False,,,,Poi,38
map-damas-poi-category-kirchen-583586f27c,mapping,map,DAMAS,poi,Poi,confirmed,category,,Kirchen,poi,Kategorie,Kirche,False,,,,Poi,32
map-damas-poi-category-kultur-erleben-7d428df171,mapping,map,DAMAS,poi,Poi,confirmed,category,,Kultur erleben,poi,Kategorie,Sonstige Sehenswürdigkeit,False,,,,Poi,71
map-damas-poi-category-landlust-ausleben-424ec19957,mapping,map,DAMAS,poi,Poi,confirmed,category,,Landlust ausleben,poi,Kategorie,Sonstige Geschäfte und Dienstleistungen,False,,,,Poi,75
map-damas-poi-category-luftsport-d5cfa4b95f,mapping,map,DAMAS,poi,Poi,confirmed,category,,Luftsport,poi,Kategorie,Wassersport,False,,,,Poi,54
map-damas-poi-category-mit-ps-unterwegs-2cb98a06bc,mapping,map,DAMAS,poi,Poi,confirmed,category,,Mit PS unterwegs,poi,Kategorie,Motorsport,False,,,,Poi,69
map-damas-poi-category-museen-bfbebe2ae4,mapping,map,DAMAS,poi,Poi,confirmed,category,,Museen,poi,Kategorie,Museum/Sammlung,False,,,,Poi,30
map-damas-poi-category-natur-und-landschaftsfuhrungen-fa0bd9d676,mapping,map,DAMAS,poi,Poi,confirmed,category,,Natur- und Landschaftsführungen,poi,Kategorie,Naturerlebnispfad,False,,,,Poi,59
map-damas-poi-category-naturbadestellen-bd2c302c21,mapping,map,DAMAS,poi,Poi,confirmed,category,,Naturbadestellen,poi,Kategorie,See,False,,,,Poi,57
map-damas-poi-category-onlineshops-29f5b4567c,mapping,map,DAMAS,poi,Poi,confirmed,category,,Onlineshops,poi,Kategorie,Sonstige Geschäfte und Dienstleistungen,False,,,,Poi,68
map-damas-poi-category-preu-ische-erinnerungsorte-8717e4236d,mapping,map,DAMAS,poi,Poi,confirmed,category,,Preußische Erinnerungsorte,poi,Kategorie,Sonstige Sehenswürdigkeit,False,,,,Poi,72
map-damas-poi-category-reiterhofe-641cfe99ee,mapping,map,DAMAS,poi,Poi,confirmed,category,,Reiterhöfe,poi,Kategorie,Reiten,False,,,,Poi,47
map-damas-poi-category-schlosser-und-parks-805ae074f2,mapping,map,DAMAS,poi,Poi,confirmed,category,,Schlösser und Parks,poi,Kategorie,Schloss,False,,,,Poi,40
map-damas-poi-category-segeln-e80ed1efde,mapping,map,DAMAS,poi,Poi,confirmed,category,,Segeln,poi,Kategorie,Wassersport,False,,,,Poi,50
map-damas-poi-category-spa-wellness-3af163f96e,mapping,map,DAMAS,poi,Poi,confirmed,category,,Spa / Wellness,poi,Kategorie,Spa/Wellness,False,,,,Poi,77
map-damas-poi-category-sportboothafen-marinas-69c74e7263,mapping,map,DAMAS,poi,Poi,confirmed,category,,Sportboothäfen & Marinas,poi,Kategorie,Bootsanlegestellen,False,,,,Poi,60
map-damas-poi-category-stadtfuhrungen-711d236144,mapping,map,DAMAS,poi,Poi,confirmed,category,,Stadtführungen,poi,Kategorie,Führung,False,,,,Poi,74
map-damas-poi-category-strand-und-freibader-194fa499a3,mapping,map,DAMAS,poi,Poi,confirmed,category,,Strand- und Freibäder,poi,Kategorie,Freibad,False,,,,Poi,56
map-damas-poi-category-themenparks-und-erlebnisausstellungen-aca96061aa,mapping,map,DAMAS,poi,Poi,confirmed,category,,Themenparks und Erlebnisausstellungen,poi,Kategorie,Freizeitpark,False,,,,Poi,36
map-damas-poi-category-tief-durchatmen-b408bd68ff,mapping,map,DAMAS,poi,Poi,confirmed,category,,Tief durchatmen,poi,Kategorie,Sonstige Erholungs- und Gesundheitseinrichtungen,False,,,,Poi,73
map-damas-poi-category-vogelbeobachtung-df6c9305f4,mapping,map,DAMAS,poi,Poi,confirmed,category,,Vogelbeobachtung,poi,Kategorie,Sonstiges,False,,,,Poi,66
map-damas-poi-category-wasser-entdecken-0d2b21d6f5,mapping,map,DAMAS,poi,Poi,confirmed,category,,Wasser entdecken,poi,Kategorie,Wassersport,False,,,,Poi,51
map-damas-poi-category-wasser-funsport-tauchen-e8df670b1a,mapping,map,DAMAS,poi,Poi,confirmed,category,,Wasser-Funsport & Tauchen,poi,Kategorie,Wassersport,False,,,,Poi,49
map-damas-poi-category-wasserwanderrast-und-gastliegeplatze-a1a4fd2e7f,mapping,map,DAMAS,poi,Poi,confirmed,category,,Wasserwanderrast- und Gastliegeplätze,poi,Kategorie,Bootsanlegestellen,False,,,,Poi,61
map-damas-poi-category-wehre-umtragestelle-fur-wasserwanderer-7e59ee2588,mapping,map,DAMAS,poi,Poi,confirmed,category,,Wehre (Umtragestelle für Wasserwanderer),poi,Kategorie,Wassersport,False,,,,Poi,48
map-damas-poi-category-wellness-spa-a2590fc535,mapping,map,DAMAS,poi,Poi,confirmed,category,,Wellness & Spa,poi,Kategorie,Spa/Wellness,False,,,,Poi,58
map-damas-poi-category-zoos-und-tierparke-c43a1664f5,mapping,map,DAMAS,poi,Poi,confirmed,category,,Zoos und Tierparke,poi,Kategorie,Zoo/Tierpark,False,,,,Poi,37
map-outdooractive-poi-category-360-panoramafotos-a9ceeb1e7e,mapping,map,Outdooractive,poi,POI,confirmed,category,,360°-Panoramafotos,poi,Kategorie,Panoramen,False,,,,at least one POI,435
map-outdooractive-poi-category-allee-a507c9de28,mapping,map,Outdooractive,poi,POI,confirmed,category,,Allee,poi,Kategorie,Sonstige Sehenswürdigkeit | Allee,True,,,,"Vom Kunden gemapped | AH67-T366 neues Mapping: POI (1 to 1, why?)",533 | 753
map-outdooractive-poi-category-alpe-79019c6112,mapping,map,Outdooractive,poi,POI,confirmed,category,,Alpe,poi,Kategorie,Alpe,False,,,,"AH67-T366 neues Mapping: POI (1 to 1, why?)",754
map-outdooractive-poi-category-angeln-fischen-d5c5139bbb,mapping,map,Outdooractive,poi,POI,confirmed,category,,Angeln & Fischen,poi,Kategorie,Angeln/Fischen,False,,,,at least one POI,380
map-outdooractive-poi-category-anlegestelle-0120315d53,mapping,map,Outdooractive,poi,POI,confirmed,category,,Anlegestelle,poi,Kategorie,Bootsanlegestellen,False,,,,at least one POI,407
map-outdooractive-poi-category-apotheke-3c13aa948d,mapping,map,Outdooractive,poi,POI,confirmed,category,,Apotheke,poi,Kategorie,Arzt | Apotheke,True,,,,"POI: passt ungefähr: | AH67-T366 neues Mapping: POI (1 to 1, why?)",486 | 809
map-outdooractive-poi-category-aquarium-5449ed7405,mapping,map,Outdooractive,poi,POI,confirmed,category,,Aquarium,poi,Kategorie,Zoo/Tierpark,False,,,,Vom Kunden gemapped,528
map-outdooractive-poi-category-architektur-78946cb7ec,mapping,map,Outdooractive,poi,POI,confirmed,category,,Architektur,poi,Kategorie,Kultur-/Veranstaltungsort | Architektur,True,,,,"POI: passt ungefähr: | AH67-T366 neues Mapping: POI (1 to 1, why?)",465 | 769
map-outdooractive-poi-category-archaologische-statte-3f578c7153,mapping,map,Outdooractive,poi,POI,confirmed,category,,Archäologische Stätte,poi,Kategorie,Archäologische Stätte,False,,,,"AH67-T366 neues Mapping: POI (1 to 1, why?)",775
map-outdooractive-poi-category-arzt-c33934831a,mapping,map,Outdooractive,poi,POI,confirmed,category,,Arzt,poi,Kategorie,Arzt,False,,,,"AH67-T366 neues Mapping: POI (1 to 1, why?)",848
map-outdooractive-poi-category-audio-3a70e3a176,mapping,map,Outdooractive,poi,POI,confirmed,category,,Audio,poi,Kategorie,Audioguide,False,,,,at least one POI,436
map-outdooractive-poi-category-aussichtspunkt-5f7f2eacbf,mapping,map,Outdooractive,poi,POI,confirmed,category,,Aussichtspunkt,poi,Kategorie,Aussichtspunkt/-turm,False,,,,at least one POI,399
map-outdooractive-poi-category-aussichtsturm-f415358b3c,mapping,map,Outdooractive,poi,POI,confirmed,category,,Aussichtsturm,poi,Kategorie,Aussichtspunkt/-turm,False,,,,at least one POI,400
map-outdooractive-poi-category-ausstellung-00b69e53c3,mapping,map,Outdooractive,poi,POI,confirmed,category,,Ausstellung,poi,Kategorie,Museum/Sammlung,False,,,,AH67-T366 neues Mapping: POI,872
map-outdooractive-poi-category-autoverleih-b2cae8b685,mapping,map,Outdooractive,poi,POI,confirmed,category,,Autoverleih,poi,Kategorie,Autoverleih,False,,,,"AH67-T366 neues Mapping: POI (1 to 1, why?)",739
map-outdooractive-poi-category-badestelle-8ea75d187d,mapping,map,Outdooractive,poi,POI,confirmed,category,,Badestelle,poi,Kategorie,Freibad | Badestelle,True,,,,"POI: passt ungefähr: | AH67-T366 neues Mapping: POI (1 to 1, why?)",458 | 802
map-outdooractive-poi-category-bahnhof-92b93fff88,mapping,map,Outdooractive,poi,POI,confirmed,category,,Bahnhof,poi,Kategorie,Bahnhof,False,,,,"AH67-T366 neues Mapping: POI (1 to 1, why?)",742
map-outdooractive-poi-category-bank-4708154f50,mapping,map,Outdooractive,poi,POI,confirmed,category,,Bank,poi,Kategorie,Geldautomat/-institut,False,,,,at least one POI,446
map-outdooractive-poi-category-beachvolleyball-8652aef926,mapping,map,Outdooractive,poi,POI,confirmed,category,,Beachvolleyball,poi,Kategorie,Beachvolleyball,False,,,,"AH67-T366 neues Mapping: POI (1 to 1, why?)",838
map-outdooractive-poi-category-bekleidung-cd2b5fe44a,mapping,map,Outdooractive,poi,POI,confirmed,category,,Bekleidung,poi,Kategorie,Einzelhandel,False,,,,Einzelhandel maybe?,489
map-outdooractive-poi-category-bergbahn-bergstation-bddcf1e8d5,mapping,map,Outdooractive,poi,POI,confirmed,category,,Bergbahn Bergstation,poi,Kategorie,Bergbahn/Lift,False,,,,at least one POI,408
map-outdooractive-poi-category-bergbahn-mittelstation-086f7ce355,mapping,map,Outdooractive,poi,POI,confirmed,category,,Bergbahn Mittelstation,poi,Kategorie,Bergbahn/Lift,False,,,,at least one POI,409
map-outdooractive-poi-category-bergbahn-talstation-dcc70bc73c,mapping,map,Outdooractive,poi,POI,confirmed,category,,Bergbahn Talstation,poi,Kategorie,Bergbahn/Lift,False,,,,at least one POI,410
map-outdooractive-poi-category-bergbau-0fea5f2c60,mapping,map,Outdooractive,poi,POI,confirmed,category,,Bergbau,poi,Kategorie,Besucherbergwerk,False,,,,POI: passt ungefähr:,478
map-outdooractive-poi-category-bergfuhrerburo-alpinschule-81594ba4ac,mapping,map,Outdooractive,poi,POI,confirmed,category,,Bergführerbüro/Alpinschule,poi,Kategorie,Infostelle,False,,,,AH67-T366 neues Mapping: POI,880
map-outdooractive-poi-category-berggipfel-41ff2487c5,mapping,map,Outdooractive,poi,POI,confirmed,category,,Berggipfel,poi,Kategorie,Berggipfel,False,,,,"AH67-T366 neues Mapping: POI (1 to 1, why?)",738
map-outdooractive-poi-category-bergschule-98900dbeb7,mapping,map,Outdooractive,poi,POI,confirmed,category,,Bergschule,poi,Kategorie,Schulen,False,,,,at least one POI,431
map-outdooractive-poi-category-bergwerk-ace8a9b474,mapping,map,Outdooractive,poi,POI,confirmed,category,,Bergwerk,poi,Kategorie,Besucherbergwerk,False,,,,POI: passt ungefähr:,466
map-outdooractive-poi-category-berufsschule-5f58ac7ae5,mapping,map,Outdooractive,poi,POI,confirmed,category,,Berufsschule,poi,Kategorie,Schulen,False,,,,at least one POI,422
map-outdooractive-poi-category-bibliothek-a2dac53427,mapping,map,Outdooractive,poi,POI,confirmed,category,,Bibliothek,poi,Kategorie,Bücherei,False,,,,at least one POI,442
map-outdooractive-poi-category-bildstock-c97049c373,mapping,map,Outdooractive,poi,POI,confirmed,category,,Bildstock,poi,Kategorie,Sonstige Sehenswürdigkeit | Bildstock,True,,,,"Vom Kunden gemapped | AH67-T366 neues Mapping: POI (1 to 1, why?)",531 | 814
map-outdooractive-poi-category-bildungsstatte-5e45d5347b,mapping,map,Outdooractive,poi,POI,confirmed,category,,Bildungsstätte,poi,Kategorie,Schulen,False,,,,at least one POI,423
map-outdooractive-poi-category-biotop-9c3fafdb68,mapping,map,Outdooractive,poi,POI,confirmed,category,,Biotop,poi,Kategorie,Natursehenswürdigkeit,False,,,,Natur...?,512
map-outdooractive-poi-category-biwak-3d7730c1f3,mapping,map,Outdooractive,poi,POI,confirmed,category,,Biwak,poi,Kategorie,Biwak,False,,,,"AH67-T366 neues Mapping: POI (1 to 1, why?)",800
map-outdooractive-poi-category-bmx-anlage-6828b6e441,mapping,map,Outdooractive,poi,POI,confirmed,category,,BMX-Anlage,poi,Kategorie,Park/Garten | BMX-Anlage,True,,,,"POI: passt ungefähr: | AH67-T366 neues Mapping: POI (1 to 1, why?)",448 | 798
map-outdooractive-poi-category-bootsverleih-e52594d21c,mapping,map,Outdooractive,poi,POI,confirmed,category,,Bootsverleih,poi,Kategorie,Bootsverleih,False,,,,"AH67-T366 neues Mapping: POI (1 to 1, why?)",851
map-outdooractive-poi-category-bouldern-6c6752b645,mapping,map,Outdooractive,poi,POI,confirmed,category,,Bouldern,poi,Kategorie,Klettern | Bouldern,True,,,,"at least one POI | AH67-T366 neues Mapping: POI (1 to 1, why?)",381 | 801
map-outdooractive-poi-category-brennerei-bc49a6e908,mapping,map,Outdooractive,poi,POI,confirmed,category,,Brennerei,poi,Kategorie,Sonstige Geschäfte und Dienstleistungen,False,,,,AH67-T366 neues Mapping: POI,882
map-outdooractive-poi-category-brunnen-45a4d28a4d,mapping,map,Outdooractive,poi,POI,confirmed,category,,Brunnen,poi,Kategorie,Sonstige Sehenswürdigkeit | Brunnen,True,,,,"Vom Kunden gemapped | AH67-T366 neues Mapping: POI (1 to 1, why?)",534 | 755
map-outdooractive-poi-category-brucke-008ce65517,mapping,map,Outdooractive,poi,POI,confirmed,category,,Brücke,poi,Kategorie,Brücke,False,,,,"AH67-T366 neues Mapping: POI (1 to 1, why?)",767
map-outdooractive-poi-category-bungee-jumping-d0c0d93255,mapping,map,Outdooractive,poi,POI,confirmed,category,,Bungee-Jumping,poi,Kategorie,Bungee-Jumping,False,,,,"AH67-T366 neues Mapping: POI (1 to 1, why?)",819
map-outdooractive-poi-category-burg-d12167fc3e,mapping,map,Outdooractive,poi,POI,confirmed,category,,Burg,poi,Kategorie,Burg,False,,,,"AH67-T366 neues Mapping: POI (1 to 1, why?)",771
map-outdooractive-poi-category-bus-e9b1b95271,mapping,map,Outdooractive,poi,POI,confirmed,category,,Bus,poi,Kategorie,Bushaltestelle,False,,,,AH67-T366 neues Mapping: POI,863
map-outdooractive-poi-category-busparkplatz-f8ed9c8a85,mapping,map,Outdooractive,poi,POI,confirmed,category,,Busparkplatz,poi,Kategorie,Parkmöglichkeiten | Busparkplatz,True,,,,"POI: passt ungefähr: | AH67-T366 neues Mapping: POI (1 to 1, why?)",474 | 825
map-outdooractive-poi-category-backer-a30493cc60,mapping,map,Outdooractive,poi,POI,confirmed,category,,Bäcker,poi,Kategorie,Einzelhandel,False,,,,Einzelhandel maybe?,488
map-outdooractive-poi-category-burgerburo-a9497406c2,mapping,map,Outdooractive,poi,POI,confirmed,category,,Bürgerbüro,poi,Kategorie,Stadt-/Gemeindeverwaltung,False,,,,Vom Kunden gemapped,546
map-outdooractive-poi-category-casino-ed90a7e597,mapping,map,Outdooractive,poi,POI,confirmed,category,,Casino,poi,Kategorie,Casino,False,,,,"AH67-T366 neues Mapping: POI (1 to 1, why?)",843
map-outdooractive-poi-category-deich-c012ee6f43,mapping,map,Outdooractive,poi,POI,confirmed,category,,Deich,poi,Kategorie,Natursehenswürdigkeit,False,,,,AH67-T366 neues Mapping: POI,870
map-outdooractive-poi-category-denkmal-e08ab7d058,mapping,map,Outdooractive,poi,POI,confirmed,category,,Denkmal,poi,Kategorie,Denkmal,False,,,,"AH67-T366 neues Mapping: POI (1 to 1, why?)",776
map-outdooractive-poi-category-dienstleister-925c8a083e,mapping,map,Outdooractive,poi,POI,confirmed,category,,Dienstleister,poi,Kategorie,Sonstige Geschäfte und Dienstleistungen,False,,,,scheinbar neue Kategorien...,583
map-outdooractive-poi-category-dienstleistungen-8666be132e,mapping,map,Outdooractive,poi,POI,confirmed,category,,Dienstleistungen,poi,Kategorie,Sonstige Geschäfte und Dienstleistungen,False,,,,scheinbar neue Kategorien...,584
map-outdooractive-poi-category-dom-2e383268b0,mapping,map,Outdooractive,poi,POI,confirmed,category,,Dom,poi,Kategorie,Kirche,False,,,,Kirche?,510
map-outdooractive-poi-category-e-bike-verleih-171aa94cc8,mapping,map,Outdooractive,poi,POI,confirmed,category,,E-Bike Verleih,poi,Kategorie,eBike Verleihstation,False,,,,AH67-T366 neues Mapping: POI,891
map-outdooractive-poi-category-e-bike-akku-ladestation-ae6a76db28,mapping,map,Outdooractive,poi,POI,confirmed,category,,E-Bike-Akku-Ladestation,poi,Kategorie,eBike Ladestation,False,,,,AH67-T366 neues Mapping: POI,893
map-outdooractive-poi-category-e-bike-akku-wechselstation-af9dc40ae5,mapping,map,Outdooractive,poi,POI,confirmed,category,,E-Bike-Akku-Wechselstation,poi,Kategorie,eBike Akku-Wechselstation,False,,,,at least one POI,437
map-outdooractive-poi-category-e-bike-ladestation-8b60904979,mapping,map,Outdooractive,poi,POI,confirmed,category,,E-Bike-Ladestation,poi,Kategorie,eBike Ladestation,False,,,,at least one POI,439
map-outdooractive-poi-category-e-bike-tankstelle-bf53f1cfdf,mapping,map,Outdooractive,poi,POI,confirmed,category,,e-Bike-Tankstelle,poi,Kategorie,eBike Ladestation,False,,,,AH67-T366 neues Mapping: POI,894
map-outdooractive-poi-category-e-bike-verleih-0b2cc1d655,mapping,map,Outdooractive,poi,POI,confirmed,category,,E-Bike-Verleih,poi,Kategorie,eBike Verleihstation,False,,,,at least one POI,438
map-outdooractive-poi-category-einstieg-c242130f98,mapping,map,Outdooractive,poi,POI,confirmed,category,,Einstieg,poi,Kategorie,Höhle/Tropfsteinhöhle,False,,,,AH67-T366 neues Mapping: POI,874
map-outdooractive-poi-category-eisenbahn-232afa72ed,mapping,map,Outdooractive,poi,POI,confirmed,category,,Eisenbahn,poi,Kategorie,Eisen-/Schmalspurbahn,False,,,,scheinbar neue Kategorien...,571
map-outdooractive-poi-category-eissport-7b3ebd5ffd,mapping,map,Outdooractive,poi,POI,confirmed,category,,Eissport,poi,Kategorie,Eislauf/Eishalle,False,,,,POI: passt ungefähr:,449
map-outdooractive-poi-category-eisstock-19346f7d1a,mapping,map,Outdooractive,poi,POI,confirmed,category,,Eisstock,poi,Kategorie,Eislauf/Eishalle,False,,,,POI: passt ungefähr:,450
map-outdooractive-poi-category-elektro-bike-verleih-ec91c3efa7,mapping,map,Outdooractive,poi,POI,confirmed,category,,Elektro-Bike-Verleih,poi,Kategorie,eBike Verleihstation,False,,,,scheinbar neue Kategorien...,572
map-outdooractive-poi-category-elektroauto-ladestation-2d14347508,mapping,map,Outdooractive,poi,POI,confirmed,category,,Elektroauto-Ladestation,poi,Kategorie,eTankstelle,False,,,,at least one POI,440
map-outdooractive-poi-category-energietechnik-a113abf085,mapping,map,Outdooractive,poi,POI,confirmed,category,,Energietechnik,poi,Kategorie,Sonstige Geschäfte und Dienstleistungen,False,,,,Vom Kunden gemapped,557
map-outdooractive-poi-category-erlebnisbad-1d49cab92c,mapping,map,Outdooractive,poi,POI,confirmed,category,,Erlebnisbad,poi,Kategorie,Hallenbad/Erlebnisbad,False,,,,at least one POI,387
map-outdooractive-poi-category-event-veranstalter-98249c5c64,mapping,map,Outdooractive,poi,POI,confirmed,category,,Event-Veranstalter,poi,Kategorie,Agentur,False,,,,AH67-T366 neues Mapping: POI,892
map-outdooractive-poi-category-fachhandel-69191a611f,mapping,map,Outdooractive,poi,POI,confirmed,category,,Fachhandel,poi,Kategorie,Einzelhandel,False,,,,scheinbar neue Kategorien...,579
map-outdooractive-poi-category-fachwerkhaus-2d21505596,mapping,map,Outdooractive,poi,POI,confirmed,category,,Fachwerkhaus,poi,Kategorie,Handwerk | Fachwerkhaus,True,,,,"POI: passt ungefähr: | AH67-T366 neues Mapping: POI (1 to 1, why?)",484 | 815
map-outdooractive-poi-category-fahrrad-verleih-2e0ce32235,mapping,map,Outdooractive,poi,POI,confirmed,category,,Fahrrad-Verleih,poi,Kategorie,Fahrradverleih/-reparatur,False,,,,scheinbar neue Kategorien...,574
map-outdooractive-poi-category-fahrradhandler-417e4cf772,mapping,map,Outdooractive,poi,POI,confirmed,category,,Fahrradhändler,poi,Kategorie,Fahrradverleih/-reparatur,False,,,,POI: passt ungefähr:,477
map-outdooractive-poi-category-fahrradhandler-werkstatt-b37d94742e,mapping,map,Outdooractive,poi,POI,confirmed,category,,Fahrradhändler /-werkstatt,poi,Kategorie,Fahrradverleih/-reparatur,False,,,,scheinbar neue Kategorien...,573
map-outdooractive-poi-category-fauna-2d83e60d68,mapping,map,Outdooractive,poi,POI,confirmed,category,,Fauna,poi,Kategorie,Natursehenswürdigkeit,False,,,,Natur...?,513
map-outdooractive-poi-category-felsen-ffa22091a6,mapping,map,Outdooractive,poi,POI,confirmed,category,,Felsen,poi,Kategorie,Natursehenswürdigkeit | Felsen,True,,,,"scheinbar neue Kategorien... | AH67-T366 neues Mapping: POI (1 to 1, why?)",577 | 756
map-outdooractive-poi-category-festung-09984324d7,mapping,map,Outdooractive,poi,POI,confirmed,category,,Festung,poi,Kategorie,Festung,False,,,,"AH67-T366 neues Mapping: POI (1 to 1, why?)",766
map-outdooractive-poi-category-fischen-419876b67d,mapping,map,Outdooractive,poi,POI,confirmed,category,,Fischen,poi,Kategorie,Angeln/Fischen,False,,,,AH67-T366 neues Mapping: POI,881
map-outdooractive-poi-category-fischhandler-1206fef9a1,mapping,map,Outdooractive,poi,POI,confirmed,category,,Fischhändler,poi,Kategorie,Einzelhandel,False,,,,Einzelhandel maybe?,490
map-outdooractive-poi-category-fitness-5d9b33f090,mapping,map,Outdooractive,poi,POI,confirmed,category,,Fitness,poi,Kategorie,Fitness,False,,,,"AH67-T366 neues Mapping: POI (1 to 1, why?)",840
map-outdooractive-poi-category-flora-bc1931266e,mapping,map,Outdooractive,poi,POI,confirmed,category,,Flora,poi,Kategorie,Natursehenswürdigkeit,False,,,,Natur...?,514
map-outdooractive-poi-category-florist-c2dafa7d73,mapping,map,Outdooractive,poi,POI,confirmed,category,,Florist,poi,Kategorie,Einzelhandel,False,,,,Einzelhandel maybe?,491
map-outdooractive-poi-category-flughafen-3a5d357eb2,mapping,map,Outdooractive,poi,POI,confirmed,category,,Flughafen,poi,Kategorie,Flughafen/Flugplatz,False,,,,at least one POI,411
map-outdooractive-poi-category-flugplatz-9d58d04faf,mapping,map,Outdooractive,poi,POI,confirmed,category,,Flugplatz,poi,Kategorie,Flughafen/Flugplatz,False,,,,at least one POI,412
map-outdooractive-poi-category-flugschule-fe581d0a55,mapping,map,Outdooractive,poi,POI,confirmed,category,,Flugschule,poi,Kategorie,Schulen,False,,,,at least one POI,434
map-outdooractive-poi-category-fluss-86c6b6f7e1,mapping,map,Outdooractive,poi,POI,confirmed,category,,Fluss,poi,Kategorie,Natursehenswürdigkeit,False,,,,Natur...?,515
map-outdooractive-poi-category-folklore-7d19bb4c2f,mapping,map,Outdooractive,poi,POI,confirmed,category,,Folklore,poi,Kategorie,Kultur-/Veranstaltungsort,False,,,,AH67-T366 neues Mapping: POI,869
map-outdooractive-poi-category-forsthaus-a98db45c2e,mapping,map,Outdooractive,poi,POI,confirmed,category,,Forsthaus,poi,Kategorie,Natursehenswürdigkeit | Forsthaus,True,,,,"Natur...? | AH67-T366 neues Mapping: POI (1 to 1, why?)",520 | 852
map-outdooractive-poi-category-foto-f84b417081,mapping,map,Outdooractive,poi,POI,confirmed,category,,Foto,poi,Kategorie,Aussichtspunkt/-turm,False,,,,Vom Kunden gemapped,569
map-outdooractive-poi-category-fotograf-ebf8ded2c0,mapping,map,Outdooractive,poi,POI,confirmed,category,,Fotograf,poi,Kategorie,Einzelhandel,False,,,,Einzelhandel maybe?,503
map-outdooractive-poi-category-freibad-0dc1f26e44,mapping,map,Outdooractive,poi,POI,confirmed,category,,Freibad,poi,Kategorie,Freibad,False,,,,"AH67-T366 neues Mapping: POI (1 to 1, why?)",743
map-outdooractive-poi-category-freigehege-4783a71268,mapping,map,Outdooractive,poi,POI,confirmed,category,,Freigehege,poi,Kategorie,Zoo/Tierpark,False,,,,POI: passt ungefähr:,459
map-outdooractive-poi-category-freilichtbuhne-be1c4e5a81,mapping,map,Outdooractive,poi,POI,confirmed,category,,Freilichtbühne,poi,Kategorie,Freilichtbühne/-theater,False,,,,at least one POI,396
map-outdooractive-poi-category-freizeitpark-72e4fcbf0a,mapping,map,Outdooractive,poi,POI,confirmed,category,,Freizeitpark,poi,Kategorie,Freizeitpark,False,,,,"AH67-T366 neues Mapping: POI (1 to 1, why?)",853
map-outdooractive-poi-category-friedhof-adb8b432a4,mapping,map,Outdooractive,poi,POI,confirmed,category,,Friedhof,poi,Kategorie,Kirche | Friedhof,True,,,,"Kirche? | AH67-T366 neues Mapping: POI (1 to 1, why?)",506 | 816
map-outdooractive-poi-category-friseur-eff2601344,mapping,map,Outdooractive,poi,POI,confirmed,category,,Friseur,poi,Kategorie,Friseur,False,,,,"AH67-T366 neues Mapping: POI (1 to 1, why?)",794
map-outdooractive-poi-category-fu-ball-df7fb7d60b,mapping,map,Outdooractive,poi,POI,confirmed,category,,Fußball,poi,Kategorie,Fußball,False,,,,"AH67-T366 neues Mapping: POI (1 to 1, why?)",779
map-outdooractive-poi-category-fu-gangerzone-15d32f0b29,mapping,map,Outdooractive,poi,POI,confirmed,category,,Fußgängerzone,poi,Kategorie,Fußgängerzone,False,,,,"AH67-T366 neues Mapping: POI (1 to 1, why?)",778
map-outdooractive-poi-category-fahre-acd2f0b16c,mapping,map,Outdooractive,poi,POI,confirmed,category,,Fähre,poi,Kategorie,Fähre,False,,,,"AH67-T366 neues Mapping: POI (1 to 1, why?)",741
map-outdooractive-poi-category-galerie-3899745b39,mapping,map,Outdooractive,poi,POI,confirmed,category,,Galerie,poi,Kategorie,Galerie,False,,,,"AH67-T366 neues Mapping: POI (1 to 1, why?)",780
map-outdooractive-poi-category-garten-5f8b9f678c,mapping,map,Outdooractive,poi,POI,confirmed,category,,Garten,poi,Kategorie,Park/Garten,False,,,,at least one POI,401
map-outdooractive-poi-category-garten-landschaftsbauer-37fb9ea0e8,mapping,map,Outdooractive,poi,POI,confirmed,category,,Garten- Landschaftsbauer,poi,Kategorie,Sonstige Geschäfte und Dienstleistungen,False,,,,Vom Kunden gemapped,558
map-outdooractive-poi-category-geldautomat-b37fd09c10,mapping,map,Outdooractive,poi,POI,confirmed,category,,Geldautomat,poi,Kategorie,Geldautomat/-institut,False,,,,at least one POI,417
map-outdooractive-poi-category-geocaching-3cb4d2abfb,mapping,map,Outdooractive,poi,POI,confirmed,category,,Geocaching,poi,Kategorie,Sonstige Sehenswürdigkeit | Geocaching,True,,,,"scheinbar neue Kategorien... | AH67-T366 neues Mapping: POI (1 to 1, why?)",585 | 803
map-outdooractive-poi-category-geotop-00d4dc5751,mapping,map,Outdooractive,poi,POI,confirmed,category,,Geotop,poi,Kategorie,Geotop,False,,,,"AH67-T366 neues Mapping: POI (1 to 1, why?)",737
map-outdooractive-poi-category-getrankehandler-7807dc3439,mapping,map,Outdooractive,poi,POI,confirmed,category,,Getränkehändler,poi,Kategorie,Einzelhandel,False,,,,Einzelhandel maybe?,492
map-outdooractive-poi-category-gleitschirmfliegen-0c91e726c9,mapping,map,Outdooractive,poi,POI,confirmed,category,,Gleitschirmfliegen,poi,Kategorie,Luftsport,False,,,,AH67-T366 neues Mapping: POI,858
map-outdooractive-poi-category-gletscher-1e51f2c463,mapping,map,Outdooractive,poi,POI,confirmed,category,,Gletscher,poi,Kategorie,Natursehenswürdigkeit,False,,,,AH67-T366 neues Mapping: POI,862
map-outdooractive-poi-category-go-kart-85c221fe4a,mapping,map,Outdooractive,poi,POI,confirmed,category,,Go-Kart,poi,Kategorie,Motorsport | Go-Kart,True,,,,"POI: passt ungefähr: | AH67-T366 neues Mapping: POI (1 to 1, why?)",483 | 804
map-outdooractive-poi-category-golf-48ae0950ae,mapping,map,Outdooractive,poi,POI,confirmed,category,,Golf,poi,Kategorie,Golf,False,,,,"AH67-T366 neues Mapping: POI (1 to 1, why?)",836
map-outdooractive-poi-category-grillplatz-7507322f6f,mapping,map,Outdooractive,poi,POI,confirmed,category,,Grillplatz,poi,Kategorie,Grillplatz,False,,,,"AH67-T366 neues Mapping: POI (1 to 1, why?)",834
map-outdooractive-poi-category-grundschule-e0c726d36f,mapping,map,Outdooractive,poi,POI,confirmed,category,,Grundschule,poi,Kategorie,Schulen,False,,,,at least one POI,424
map-outdooractive-poi-category-gutshof-414b81ebf2,mapping,map,Outdooractive,poi,POI,confirmed,category,,Gutshof,poi,Kategorie,Sonstige Geschäfte und Dienstleistungen | Gutshof,True,,,,"Vom Kunden gemapped | AH67-T366 neues Mapping: POI (1 to 1, why?)",535 | 757
map-outdooractive-poi-category-gymnasium-088b1c81ce,mapping,map,Outdooractive,poi,POI,confirmed,category,,Gymnasium,poi,Kategorie,Schulen,False,,,,at least one POI,425
map-outdooractive-poi-category-gasteamt-0a3c8402cc,mapping,map,Outdooractive,poi,POI,confirmed,category,,Gästeamt,poi,Kategorie,Tourist-Information,False,,,,Vom Kunden gemapped,547
map-outdooractive-poi-category-hafen-db81bbbf23,mapping,map,Outdooractive,poi,POI,confirmed,category,,Hafen,poi,Kategorie,Bootsanlegestellen | Hafen,True,,,,"POI: passt ungefähr: | AH67-T366 neues Mapping: POI (1 to 1, why?)",475 | 826
map-outdooractive-poi-category-halde-cfafd9ef2f,mapping,map,Outdooractive,poi,POI,confirmed,category,,Halde,poi,Kategorie,Sonstiges | Halde,True,,,,"Vom Kunden gemapped | AH67-T366 neues Mapping: POI (1 to 1, why?)",536 | 758
map-outdooractive-poi-category-hallenbad-c16f034c6c,mapping,map,Outdooractive,poi,POI,confirmed,category,,Hallenbad,poi,Kategorie,Hallenbad/Erlebnisbad,False,,,,at least one POI,388
map-outdooractive-poi-category-haltestelle-2719a0e434,mapping,map,Outdooractive,poi,POI,confirmed,category,,Haltestelle,poi,Kategorie,Bushaltestelle,False,,,,AH67-T366 neues Mapping: POI,864
map-outdooractive-poi-category-handball-20997a4047,mapping,map,Outdooractive,poi,POI,confirmed,category,,Handball,poi,Kategorie,Handball,False,,,,"AH67-T366 neues Mapping: POI (1 to 1, why?)",837
map-outdooractive-poi-category-handwerk-258c5f2ad1,mapping,map,Outdooractive,poi,POI,confirmed,category,,Handwerk,poi,Kategorie,Handwerk,False,,,,"AH67-T366 neues Mapping: POI (1 to 1, why?)",845
map-outdooractive-poi-category-hauptschule-280d0e9d68,mapping,map,Outdooractive,poi,POI,confirmed,category,,Hauptschule,poi,Kategorie,Schulen,False,,,,at least one POI,426
map-outdooractive-poi-category-heilbad-1ea3ae9f5e,mapping,map,Outdooractive,poi,POI,confirmed,category,,Heilbad,poi,Kategorie,Kurort/Heilbad,False,,,,at least one POI,404
map-outdooractive-poi-category-heilquelle-08499a5307,mapping,map,Outdooractive,poi,POI,confirmed,category,,Heilquelle,poi,Kategorie,Kurort/Heilbad | Heilquelle,True,,,,"POI: passt ungefähr: | AH67-T366 neues Mapping: POI (1 to 1, why?)",485 | 810
map-outdooractive-poi-category-historische-statte-918133ffa2,mapping,map,Outdooractive,poi,POI,confirmed,category,,Historische Stätte,poi,Kategorie,Historische Stätte,False,,,,"AH67-T366 neues Mapping: POI (1 to 1, why?)",774
map-outdooractive-poi-category-historischer-stadtkern-0c5fae558e,mapping,map,Outdooractive,poi,POI,confirmed,category,,Historischer Stadtkern,poi,Kategorie,Historische Stätte | Historischer Stadtkern,True,,,,"at least one POI | AH67-T366 neues Mapping: POI (1 to 1, why?)",443 | 799
map-outdooractive-poi-category-hochschule-3fddfa5b8b,mapping,map,Outdooractive,poi,POI,confirmed,category,,Hochschule,poi,Kategorie,Universität,False,,,,AH67-T366 neues Mapping: POI,895
map-outdooractive-poi-category-hochseilgarten-fc0c664425,mapping,map,Outdooractive,poi,POI,confirmed,category,,Hochseilgarten,poi,Kategorie,Funsport | Hochseilgarten,True,,,,"Vom Kunden gemapped | AH67-T366 neues Mapping: POI (1 to 1, why?)",529 | 820
map-outdooractive-poi-category-hofladen-930cad52bd,mapping,map,Outdooractive,poi,POI,confirmed,category,,Hofladen,poi,Kategorie,Direktvermarkter,False,,,,AH67-T366 neues Mapping: POI,883
map-outdooractive-poi-category-hohere-verwaltung-92daa75748,mapping,map,Outdooractive,poi,POI,confirmed,category,,Höhere Verwaltung,poi,Kategorie,Stadt-/Gemeindeverwaltung,False,,,,Vom Kunden gemapped,548
map-outdooractive-poi-category-hohle-3a78249652,mapping,map,Outdooractive,poi,POI,confirmed,category,,Höhle,poi,Kategorie,Höhle/Tropfsteinhöhle,False,,,,at least one POI,402
map-outdooractive-poi-category-industrie-d1e36391fb,mapping,map,Outdooractive,poi,POI,confirmed,category,,Industrie,poi,Kategorie,Industrie-/Werksbesichtigung,False,,,,scheinbar neue Kategorien...,582
map-outdooractive-poi-category-industriedenkmal-8fbb8652cc,mapping,map,Outdooractive,poi,POI,confirmed,category,,Industriedenkmal,poi,Kategorie,Denkmal | Industriemerkmal,True,,,,"at least one POI | AH67-T366 neues Mapping: POI (1 to 1, why?)",444 | 817
map-outdooractive-poi-category-infopunkt-53187e10a1,mapping,map,Outdooractive,poi,POI,confirmed,category,,Infopunkt,poi,Kategorie,Infopunkt,False,,,,"AH67-T366 neues Mapping: POI (1 to 1, why?)",746
map-outdooractive-poi-category-infozentrum-b9e5517e81,mapping,map,Outdooractive,poi,POI,confirmed,category,,Infozentrum,poi,Kategorie,Infozentrum,False,,,,"AH67-T366 neues Mapping: POI (1 to 1, why?)",747
map-outdooractive-poi-category-inline-skating-anlage-7eb3f53e4f,mapping,map,Outdooractive,poi,POI,confirmed,category,,Inline-Skating-Anlage,poi,Kategorie,Inline-Skating,False,,,,AH67-T366 neues Mapping: POI,879
map-outdooractive-poi-category-insel-fec7f06f2c,mapping,map,Outdooractive,poi,POI,confirmed,category,,Insel,poi,Kategorie,Insel,False,,,,"AH67-T366 neues Mapping: POI (1 to 1, why?)",759
map-outdooractive-poi-category-jugendtreff-75b8b312b3,mapping,map,Outdooractive,poi,POI,confirmed,category,,Jugendtreff,poi,Kategorie,Jugendtreff,False,,,,"AH67-T366 neues Mapping: POI (1 to 1, why?)",842
map-outdooractive-poi-category-kanal-3bff8032e4,mapping,map,Outdooractive,poi,POI,confirmed,category,,Kanal,poi,Kategorie,Kanal,False,,,,"AH67-T366 neues Mapping: POI (1 to 1, why?)",760
map-outdooractive-poi-category-kanuanlegestelle-1de8a3cc13,mapping,map,Outdooractive,poi,POI,confirmed,category,,Kanuanlegestelle,poi,Kategorie,Bootsanlegestellen,False,,,,POI: passt ungefähr:,461
map-outdooractive-poi-category-kapelle-d4f62e505b,mapping,map,Outdooractive,poi,POI,confirmed,category,,Kapelle,poi,Kategorie,Kirche | Kapelle,True,,,,"Kirche? | AH67-T366 neues Mapping: POI (1 to 1, why?)",507 | 818
map-outdooractive-poi-category-kathedrale-45d0e35efb,mapping,map,Outdooractive,poi,POI,confirmed,category,,Kathedrale,poi,Kategorie,Kirche,False,,,,Kirche?,508
map-outdooractive-poi-category-kaufhaus-d3d311c4de,mapping,map,Outdooractive,poi,POI,confirmed,category,,Kaufhaus,poi,Kategorie,Einzelhandel,False,,,,Einzelhandel maybe?,494
map-outdooractive-poi-category-kegeln-ec281aab03,mapping,map,Outdooractive,poi,POI,confirmed,category,,Kegeln,poi,Kategorie,Kegeln/Bowling,False,,,,at least one POI,389
map-outdooractive-poi-category-kellereibetrieb-6bc33cbec1,mapping,map,Outdooractive,poi,POI,confirmed,category,,Kellereibetrieb,poi,Kategorie,Einzelhandel,False,,,,AH67-T366 neues Mapping: POI,887
map-outdooractive-poi-category-kfz-werkstatt-d8b3b2e24d,mapping,map,Outdooractive,poi,POI,confirmed,category,,KFZ-Werkstatt,poi,Kategorie,KFZ-Werkstatt,False,,,,"AH67-T366 neues Mapping: POI (1 to 1, why?)",795
map-outdooractive-poi-category-kinder-spielhaus-30db5338dc,mapping,map,Outdooractive,poi,POI,confirmed,category,,Kinder-Spielhaus,poi,Kategorie,Kinderspielplatz,False,,,,POI: passt ungefähr:,460
map-outdooractive-poi-category-kinderbetreuung-9e2d5e8223,mapping,map,Outdooractive,poi,POI,confirmed,category,,Kinderbetreuung,poi,Kategorie,Kindertagesstätte/-garten,False,,,,POI: passt ungefähr:,479
map-outdooractive-poi-category-kindergarten-7519d93929,mapping,map,Outdooractive,poi,POI,confirmed,category,,Kindergarten,poi,Kategorie,Kindertagesstätte/-garten,False,,,,at least one POI,421
map-outdooractive-poi-category-kino-64983b93e2,mapping,map,Outdooractive,poi,POI,confirmed,category,,Kino,poi,Kategorie,Kino,False,,,,"AH67-T366 neues Mapping: POI (1 to 1, why?)",731
map-outdooractive-poi-category-kiosk-334acf2406,mapping,map,Outdooractive,poi,POI,confirmed,category,,Kiosk,poi,Kategorie,Einzelhandel,False,,,,AH67-T366 neues Mapping: POI,885
map-outdooractive-poi-category-kirche-6a566f2150,mapping,map,Outdooractive,poi,POI,confirmed,category,,Kirche,poi,Kategorie,Kirche,False,,,,"AH67-T366 neues Mapping: POI (1 to 1, why?)",751
map-outdooractive-poi-category-kletterfels-9ab0470e62,mapping,map,Outdooractive,poi,POI,confirmed,category,,Kletterfels,poi,Kategorie,Klettern,False,,,,POI: passt ungefähr:,451
map-outdooractive-poi-category-klettergarten-6278c9dd74,mapping,map,Outdooractive,poi,POI,confirmed,category,,Klettergarten,poi,Kategorie,Klettern,False,,,,scheinbar neue Kategorien...,581
map-outdooractive-poi-category-kletterhalle-2f6b0c695b,mapping,map,Outdooractive,poi,POI,confirmed,category,,Kletterhalle,poi,Kategorie,Klettern,False,,,,POI: passt ungefähr:,452
map-outdooractive-poi-category-klettern-72fdc93556,mapping,map,Outdooractive,poi,POI,confirmed,category,,Klettern,poi,Kategorie,Klettern,False,,,,"AH67-T366 neues Mapping: POI (1 to 1, why?)",839
map-outdooractive-poi-category-klinik-be623f6777,mapping,map,Outdooractive,poi,POI,confirmed,category,,Klinik,poi,Kategorie,Krankenhaus,False,,,,at least one POI,405
map-outdooractive-poi-category-kloster-927c6c5b8c,mapping,map,Outdooractive,poi,POI,confirmed,category,,Kloster,poi,Kategorie,Kloster,False,,,,"AH67-T366 neues Mapping: POI (1 to 1, why?)",773
map-outdooractive-poi-category-kneipp-anlage-d200e6c534,mapping,map,Outdooractive,poi,POI,confirmed,category,,Kneipp-Anlage,poi,Kategorie,Kurort/Heilbad,False,,,,POI: passt ungefähr:,482
map-outdooractive-poi-category-konditorei-565ba6cf18,mapping,map,Outdooractive,poi,POI,confirmed,category,,Konditorei,poi,Kategorie,Einzelhandel,False,,,,Einzelhandel maybe?,495
map-outdooractive-poi-category-konferenzzentrum-6f8d379283,mapping,map,Outdooractive,poi,POI,confirmed,category,,Konferenzzentrum,poi,Kategorie,Stadthalle/Tagungszentrum,False,,,,AH67-T366 neues Mapping: POI,897
map-outdooractive-poi-category-konzerthaus-f4a9da0cc0,mapping,map,Outdooractive,poi,POI,confirmed,category,,Konzerthaus,poi,Kategorie,Spielstätte,False,,,,POI: passt ungefähr:,467
map-outdooractive-poi-category-krankenhaus-cc89fed38a,mapping,map,Outdooractive,poi,POI,confirmed,category,,Krankenhaus,poi,Kategorie,Krankenhaus,False,,,,"at least one POI | AH67-T366 neues Mapping: POI (1 to 1, why?)",406 | 847
map-outdooractive-poi-category-kunst-c648b4cc12,mapping,map,Outdooractive,poi,POI,confirmed,category,,Kunst,poi,Kategorie,Galerie,False,,,,POI: passt ungefähr:,468
map-outdooractive-poi-category-kureinrichtung-a6189c7167,mapping,map,Outdooractive,poi,POI,confirmed,category,,Kureinrichtung,poi,Kategorie,Kurmittelhaus | Kureinrichtung,True,,,,"POI: passt ungefähr: | AH67-T366 neues Mapping: POI (1 to 1, why?)",473 | 811
map-outdooractive-poi-category-kurhaus-01b0d6413e,mapping,map,Outdooractive,poi,POI,confirmed,category,,Kurhaus,poi,Kategorie,Kurmittelhaus,False,,,,POI: passt ungefähr:,469
map-outdooractive-poi-category-kutschfahrt-df74405ac7,mapping,map,Outdooractive,poi,POI,confirmed,category,,Kutschfahrt,poi,Kategorie,Kutschenfahrt,False,,,,at least one POI,390
map-outdooractive-poi-category-kaserei-5dc25a9bbc,mapping,map,Outdooractive,poi,POI,confirmed,category,,Käserei,poi,Kategorie,Einzelhandel,False,,,,Einzelhandel maybe?,493
map-outdooractive-poi-category-land-forst-ernahrungswirtschaft-52c4740cbd,mapping,map,Outdooractive,poi,POI,confirmed,category,,"Land-, Forst- & Ernährungswirtschaft",poi,Kategorie,Sonstige Geschäfte und Dienstleistungen,False,,,,Vom Kunden gemapped,559 | 560 | 561 | 562
map-outdooractive-poi-category-landratsamt-aff7df454b,mapping,map,Outdooractive,poi,POI,confirmed,category,,Landratsamt,poi,Kategorie,Landratsamt,False,,,,"AH67-T366 neues Mapping: POI (1 to 1, why?)",846
map-outdooractive-poi-category-landschaftsschutzgebiet-692b97e9d5,mapping,map,Outdooractive,poi,POI,confirmed,category,,Landschaftsschutzgebiet,poi,Kategorie,Natursehenswürdigkeit,False,,,,Natur...?,521
map-outdooractive-poi-category-langlaufzentrum-fb33828164,mapping,map,Outdooractive,poi,POI,confirmed,category,,Langlaufzentrum,poi,Kategorie,Langlauf,False,,,,POI: passt ungefähr:,453
map-outdooractive-poi-category-lebensmittel-174e21197f,mapping,map,Outdooractive,poi,POI,confirmed,category,,Lebensmittel,poi,Kategorie,Einzelhandel,False,,,,Einzelhandel maybe? | AH67-T366 neues Mapping: POI,496 | 886
map-outdooractive-poi-category-luftsport-cd6ba87bfd,mapping,map,Outdooractive,poi,POI,confirmed,category,,Luftsport,poi,Kategorie,Luftsport,False,,,,"AH67-T366 neues Mapping: POI (1 to 1, why?)",733
map-outdooractive-poi-category-markt-c70cd30fec,mapping,map,Outdooractive,poi,POI,confirmed,category,,Markt,poi,Kategorie,Marktplatz,False,,,,AH67-T366 neues Mapping: POI,888
map-outdooractive-poi-category-maschinenbau-9f60ac146c,mapping,map,Outdooractive,poi,POI,confirmed,category,,Maschinenbau,poi,Kategorie,Handwerk,False,,,,POI: passt ungefähr:,480
map-outdooractive-poi-category-mehrzweckhalle-fa93916f68,mapping,map,Outdooractive,poi,POI,confirmed,category,,Mehrzweckhalle,poi,Kategorie,Sport-und Mehrzweckhalle,False,,,,AH67-T366 neues Mapping: POI,871
map-outdooractive-poi-category-messe-5f512a83f6,mapping,map,Outdooractive,poi,POI,confirmed,category,,Messe,poi,Kategorie,Messe,False,,,,"AH67-T366 neues Mapping: POI (1 to 1, why?)",770
map-outdooractive-poi-category-metzgerei-99747f3702,mapping,map,Outdooractive,poi,POI,confirmed,category,,Metzgerei,poi,Kategorie,Einzelhandel,False,,,,Einzelhandel maybe?,497
map-outdooractive-poi-category-minigolf-52df67f9d9,mapping,map,Outdooractive,poi,POI,confirmed,category,,Minigolf,poi,Kategorie,Minigolf,False,,,,"AH67-T366 neues Mapping: POI (1 to 1, why?)",835
map-outdooractive-poi-category-mode-e5c1720472,mapping,map,Outdooractive,poi,POI,confirmed,category,,Mode,poi,Kategorie,Einzelhandel,False,,,,AH67-T366 neues Mapping: POI,889
map-outdooractive-poi-category-moor-e0849617a3,mapping,map,Outdooractive,poi,POI,confirmed,category,,Moor,poi,Kategorie,Natursehenswürdigkeit | Moor,True,,,,"Natur...? | AH67-T366 neues Mapping: POI (1 to 1, why?)",517 | 761
map-outdooractive-poi-category-motocross-anlage-fa1cf4c73b,mapping,map,Outdooractive,poi,POI,confirmed,category,,Motocross-Anlage,poi,Kategorie,Motorsport,False,,,,POI: passt ungefähr:,454
map-outdooractive-poi-category-motor-sport-f855dc29d9,mapping,map,Outdooractive,poi,POI,confirmed,category,,Motor-Sport,poi,Kategorie,Motorsport,False,,,,at least one POI,382
map-outdooractive-poi-category-museum-c2ddc8e2f2,mapping,map,Outdooractive,poi,POI,confirmed,category,,Museum,poi,Kategorie,Museum/Sammlung,False,,,,at least one POI,397
map-outdooractive-poi-category-museumsbahn-258e52fc21,mapping,map,Outdooractive,poi,POI,confirmed,category,,Museumsbahn,poi,Kategorie,Eisen-/Schmalspurbahn | Museumsbahn,True,,,,"POI: passt ungefähr: | AH67-T366 neues Mapping: POI (1 to 1, why?)",462 | 805
map-outdooractive-poi-category-mobel-haushaltswaren-d0429585ae,mapping,map,Outdooractive,poi,POI,confirmed,category,,Möbel & Haushaltswaren,poi,Kategorie,Einzelhandel,False,,,,Einzelhandel maybe?,498
map-outdooractive-poi-category-muhle-232727cb01,mapping,map,Outdooractive,poi,POI,confirmed,category,,Mühle,poi,Kategorie,Mühle,False,,,,"AH67-T366 neues Mapping: POI (1 to 1, why?)",781
map-outdooractive-poi-category-naturdenkmal-2408ce37d7,mapping,map,Outdooractive,poi,POI,confirmed,category,,Naturdenkmal,poi,Kategorie,Denkmal | Naturdenkmal,True,,,,"at least one POI | AH67-T366 neues Mapping: POI (1 to 1, why?)",445 | 762
map-outdooractive-poi-category-naturlehrpfad-6f5a30fbff,mapping,map,Outdooractive,poi,POI,confirmed,category,,Naturlehrpfad,poi,Kategorie,Naturerlebnispfad | Naturlehrpfad,True,,,,"POI: passt ungefähr: | AH67-T366 neues Mapping: POI (1 to 1, why?)",463 | 806
map-outdooractive-poi-category-naturpark-88b36c2eeb,mapping,map,Outdooractive,poi,POI,confirmed,category,,Naturpark,poi,Kategorie,Naturpark-Infostelle,False,,,,AH67-T366 neues Mapping: POI,868
map-outdooractive-poi-category-naturschutzgebiet-20ceaaba96,mapping,map,Outdooractive,poi,POI,confirmed,category,,Naturschutzgebiet,poi,Kategorie,Natursehenswürdigkeit,False,,,,POI: passt ungefähr:,472
map-outdooractive-poi-category-obst-gemuse-6942a84df3,mapping,map,Outdooractive,poi,POI,confirmed,category,,Obst & Gemüse,poi,Kategorie,Einzelhandel,False,,,,Einzelhandel maybe?,499
map-outdooractive-poi-category-oper-0222c56bbe,mapping,map,Outdooractive,poi,POI,confirmed,category,,Oper,poi,Kategorie,Spielstätte | Oper,True,,,,"POI: passt ungefähr: | AH67-T366 neues Mapping: POI (1 to 1, why?)",470 | 772
map-outdooractive-poi-category-optiker-08ccbbf1eb,mapping,map,Outdooractive,poi,POI,confirmed,category,,Optiker,poi,Kategorie,Einzelhandel,False,,,,Einzelhandel maybe?,500
map-outdooractive-poi-category-organisation-80501670f1,mapping,map,Outdooractive,poi,POI,confirmed,category,,Organisation,poi,Kategorie,Sonstige Geschäfte und Dienstleistungen,False,,,,Vom Kunden gemapped,549
map-outdooractive-poi-category-ortschaft-1b7c49829f,mapping,map,Outdooractive,poi,POI,confirmed,category,,Ortschaft,poi,Kategorie,Ort / Gemeinde,False,,,,Vom Kunden gemapped,537
map-outdooractive-poi-category-outdoor-veranstalter-dfaa01d9fc,mapping,map,Outdooractive,poi,POI,confirmed,category,,Outdoor-Veranstalter,poi,Kategorie,Sonstige Geschäfte und Dienstleistungen,False,,,,Vom Kunden gemapped,530
map-outdooractive-poi-category-outlet-eb0f4d0d84,mapping,map,Outdooractive,poi,POI,confirmed,category,,Outlet,poi,Kategorie,Einzelhandel,False,,,,AH67-T366 neues Mapping: POI,890
map-outdooractive-poi-category-outlet-store-bf17b0435f,mapping,map,Outdooractive,poi,POI,confirmed,category,,Outlet-Store,poi,Kategorie,Einzelhandel,False,,,,Einzelhandel maybe?,501
map-outdooractive-poi-category-park-f7397d94b8,mapping,map,Outdooractive,poi,POI,confirmed,category,,Park,poi,Kategorie,Park/Garten,False,,,,at least one POI,403
map-outdooractive-poi-category-parkhaus-a55a5ec220,mapping,map,Outdooractive,poi,POI,confirmed,category,,Parkhaus,poi,Kategorie,Parkmöglichkeiten | Parkhaus,True,,,,"at least one POI | AH67-T366 neues Mapping: POI (1 to 1, why?)",413 | 827
map-outdooractive-poi-category-parkplatz-7b83768749,mapping,map,Outdooractive,poi,POI,confirmed,category,,Parkplatz,poi,Kategorie,Parkmöglichkeiten | Parkplatz,True,,,,"at least one POI | AH67-T366 neues Mapping: POI (1 to 1, why?)",414 | 828
map-outdooractive-poi-category-pass-555e37387e,mapping,map,Outdooractive,poi,POI,confirmed,category,,Pass,poi,Kategorie,Sonstige Mobilität und Services,False,,,,AH67-T366 neues Mapping: POI,857
map-outdooractive-poi-category-pavillon-769a9a54a2,mapping,map,Outdooractive,poi,POI,confirmed,category,,Pavillon,poi,Kategorie,Pavillon,False,,,,"AH67-T366 neues Mapping: POI (1 to 1, why?)",735
map-outdooractive-poi-category-pfahlbauten-ff0a57fd58,mapping,map,Outdooractive,poi,POI,confirmed,category,,Pfahlbauten,poi,Kategorie,Pfahlbauten,False,,,,"AH67-T366 neues Mapping: POI (1 to 1, why?)",763
map-outdooractive-poi-category-platz-47ba65c98c,mapping,map,Outdooractive,poi,POI,confirmed,category,,Platz,poi,Kategorie,Sonstiges,False,,,,AH67-T366 neues Mapping: POI,884
map-outdooractive-poi-category-polizei-2315f63000,mapping,map,Outdooractive,poi,POI,confirmed,category,,Polizei,poi,Kategorie,Polizei,False,,,,"AH67-T366 neues Mapping: POI (1 to 1, why?)",849
map-outdooractive-poi-category-polizei-feuerwehr-5789bbd36f,mapping,map,Outdooractive,poi,POI,confirmed,category,,Polizei & Feuerwehr,poi,Kategorie,Polizei | Feuerwehr,True,,,,scheinbar neue Kategorien...,586 | 587
map-outdooractive-poi-category-post-a43676de9a,mapping,map,Outdooractive,poi,POI,confirmed,category,,Post,poi,Kategorie,Sonstige Geschäfte und Dienstleistungen | Post,True,,,,"Vom Kunden gemapped | AH67-T366 neues Mapping: POI (1 to 1, why?)",550 | 796
map-outdooractive-poi-category-privatschule-d7227dc9f4,mapping,map,Outdooractive,poi,POI,confirmed,category,,Privatschule,poi,Kategorie,Schulen,False,,,,at least one POI,427
map-outdooractive-poi-category-quelle-237af6d269,mapping,map,Outdooractive,poi,POI,confirmed,category,,Quelle,poi,Kategorie,Natursehenswürdigkeit | Quelle,True,,,,"Natur...? | AH67-T366 neues Mapping: POI (1 to 1, why?)",523 | 764
map-outdooractive-poi-category-radservice-b473e885df,mapping,map,Outdooractive,poi,POI,confirmed,category,,Radservice,poi,Kategorie,Fahrradverleih/-reparatur,False,,,,at least one POI,416
map-outdooractive-poi-category-radverleih-21ea431623,mapping,map,Outdooractive,poi,POI,confirmed,category,,Radverleih,poi,Kategorie,Fahrradverleih/-reparatur,False,,,,at least one POI,415
map-outdooractive-poi-category-rastplatz-c2710d4fb3,mapping,map,Outdooractive,poi,POI,confirmed,category,,Rastplatz,poi,Kategorie,Parkmöglichkeiten | Rastplatz,True,,,,"POI: passt ungefähr: | AH67-T366 neues Mapping: POI (1 to 1, why?)",476 | 829
map-outdooractive-poi-category-rathaus-e63674ed93,mapping,map,Outdooractive,poi,POI,confirmed,category,,Rathaus,poi,Kategorie,Rathaus,False,,,,"AH67-T366 neues Mapping: POI (1 to 1, why?)",844
map-outdooractive-poi-category-realschule-2cb5081f35,mapping,map,Outdooractive,poi,POI,confirmed,category,,Realschule,poi,Kategorie,Schulen,False,,,,at least one POI,428
map-outdooractive-poi-category-reise-und-eventveranstalter-8b6fb685a2,mapping,map,Outdooractive,poi,POI,confirmed,category,,Reise- und Eventveranstalter,poi,Kategorie,Reiseunternehmen,False,,,,at least one POI,419
map-outdooractive-poi-category-reiseburo-aa29972d74,mapping,map,Outdooractive,poi,POI,confirmed,category,,Reisebüro,poi,Kategorie,Reiseunternehmen,False,,,,at least one POI,420
map-outdooractive-poi-category-reiten-0b851cea5c,mapping,map,Outdooractive,poi,POI,confirmed,category,,Reiten,poi,Kategorie,Reiten,False,,,,"AH67-T366 neues Mapping: POI (1 to 1, why?)",736
map-outdooractive-poi-category-reitsport-3c635402b6,mapping,map,Outdooractive,poi,POI,confirmed,category,,Reitsport,poi,Kategorie,Reiten,False,,,,at least one POI,383
map-outdooractive-poi-category-religiose-einrichtung-37621e1112,mapping,map,Outdooractive,poi,POI,confirmed,category,,Religiöse Einrichtung,poi,Kategorie,Sonstige Sehenswürdigkeit,False,,,,AH67-T366 neues Mapping: POI,873
map-outdooractive-poi-category-rettungsdienst-1327b7c2df,mapping,map,Outdooractive,poi,POI,confirmed,category,,Rettungsdienst,poi,Kategorie,Rettungsdienst,False,,,,Vom Kunden gemapped,556
map-outdooractive-poi-category-rodelhang-844b5fcab1,mapping,map,Outdooractive,poi,POI,confirmed,category,,Rodelhang,poi,Kategorie,Rodeln,False,,,,at least one POI,391
map-outdooractive-poi-category-ruine-f6037642cc,mapping,map,Outdooractive,poi,POI,confirmed,category,,Ruine,poi,Kategorie,Historische Stätte | Ruine,True,,,,"POI: passt ungefähr: | AH67-T366 neues Mapping: POI (1 to 1, why?)",471 | 748
map-outdooractive-poi-category-s-bahn-1439aac23f,mapping,map,Outdooractive,poi,POI,confirmed,category,,S-Bahn,poi,Kategorie,S-Bahn,False,,,,"AH67-T366 neues Mapping: POI (1 to 1, why?)",830
map-outdooractive-poi-category-salzgrotte-5039da3f0a,mapping,map,Outdooractive,poi,POI,confirmed,category,,Salzgrotte,poi,Kategorie,Höhle/Tropfsteinhöhle | Salzgrotte,True,,,,"Vom Kunden gemapped | AH67-T366 neues Mapping: POI (1 to 1, why?)",538 | 783
map-outdooractive-poi-category-sanatorium-12ae917bc8,mapping,map,Outdooractive,poi,POI,confirmed,category,,Sanatorium,poi,Kategorie,Sanatorium,False,,,,"AH67-T366 neues Mapping: POI (1 to 1, why?)",812
map-outdooractive-poi-category-sauna-ad4d2d6243,mapping,map,Outdooractive,poi,POI,confirmed,category,,Sauna,poi,Kategorie,Saunalandschaft,False,,,,at least one POI,392
map-outdooractive-poi-category-schie-sport-22299208cb,mapping,map,Outdooractive,poi,POI,confirmed,category,,Schießsport,poi,Kategorie,Schießsport,False,,,,"AH67-T366 neues Mapping: POI (1 to 1, why?)",730
map-outdooractive-poi-category-schifffahrt-c8e0e9cd1a,mapping,map,Outdooractive,poi,POI,confirmed,category,,Schifffahrt,poi,Kategorie,Schifffahrt,False,,,,"AH67-T366 neues Mapping: POI (1 to 1, why?)",777
map-outdooractive-poi-category-schleuse-e2619bb934,mapping,map,Outdooractive,poi,POI,confirmed,category,,Schleuse,poi,Kategorie,Schleuse,False,,,,"AH67-T366 neues Mapping: POI (1 to 1, why?)",831
map-outdooractive-poi-category-schloss-45b0a0b8d8,mapping,map,Outdooractive,poi,POI,confirmed,category,,Schloss,poi,Kategorie,Schloss,False,,,,"AH67-T366 neues Mapping: POI (1 to 1, why?)",768
map-outdooractive-poi-category-schlucht-1b2a348d47,mapping,map,Outdooractive,poi,POI,confirmed,category,,Schlucht,poi,Kategorie,Natursehenswürdigkeit | Schlucht,True,,,,"Vom Kunden gemapped | AH67-T366 neues Mapping: POI (1 to 1, why?)",539 | 784
map-outdooractive-poi-category-schmiede-177863ddf6,mapping,map,Outdooractive,poi,POI,confirmed,category,,Schmiede,poi,Kategorie,Schmiede,False,,,,"AH67-T366 neues Mapping: POI (1 to 1, why?)",785
map-outdooractive-poi-category-schneider-6b48ade765,mapping,map,Outdooractive,poi,POI,confirmed,category,,Schneider,poi,Kategorie,Einzelhandel,False,,,,Einzelhandel maybe?,504
map-outdooractive-poi-category-schreiner-9b4c4a74b1,mapping,map,Outdooractive,poi,POI,confirmed,category,,Schreiner,poi,Kategorie,Handwerk,False,,,,POI: passt ungefähr:,481
map-outdooractive-poi-category-schule-ba012aa736,mapping,map,Outdooractive,poi,POI,confirmed,category,,Schule,poi,Kategorie,Schulen,False,,,,scheinbar neue Kategorien...,575
map-outdooractive-poi-category-schutzhutte-950f5555c8,mapping,map,Outdooractive,poi,POI,confirmed,category,,Schutzhütte,poi,Kategorie,Sonstige Sehenswürdigkeit,False,,,,scheinbar neue Kategorien...,580
map-outdooractive-poi-category-see-cf9f93da65,mapping,map,Outdooractive,poi,POI,confirmed,category,,See,poi,Kategorie,See,False,,,,"AH67-T366 neues Mapping: POI (1 to 1, why?)",744
map-outdooractive-poi-category-seebad-4139425545,mapping,map,Outdooractive,poi,POI,confirmed,category,,Seebad,poi,Kategorie,Freibad | Seebad,True,,,,"POI: passt ungefähr: | AH67-T366 neues Mapping: POI (1 to 1, why?)",464 | 807
map-outdooractive-poi-category-segeln-95e1d2dc41,mapping,map,Outdooractive,poi,POI,confirmed,category,,Segeln,poi,Kategorie,Wassersport,False,,,,POI: passt ungefähr:,455
map-outdooractive-poi-category-sendemast-b432418e1d,mapping,map,Outdooractive,poi,POI,confirmed,category,,Sendemast,poi,Kategorie,Sonstige Mobilität und Services | Sendemast,True,,,,"Vom Kunden gemapped | AH67-T366 neues Mapping: POI (1 to 1, why?)",540 | 786
map-outdooractive-poi-category-senioren-pflegeheim-cffa39d179,mapping,map,Outdooractive,poi,POI,confirmed,category,,Senioren- & Pflegeheim,poi,Kategorie,Sonstige Geschäfte und Dienstleistungen,False,,,,Vom Kunden gemapped,544
map-outdooractive-poi-category-skate-park-f5a202071d,mapping,map,Outdooractive,poi,POI,confirmed,category,,Skate Park,poi,Kategorie,Park,False,,,,POI: passt ungefähr:,456
map-outdooractive-poi-category-skilift-b4997ea88d,mapping,map,Outdooractive,poi,POI,confirmed,category,,Skilift,poi,Kategorie,Bergbahn/Lift,False,,,,AH67-T366 neues Mapping: POI,875
map-outdooractive-poi-category-skischule-89f7364eba,mapping,map,Outdooractive,poi,POI,confirmed,category,,Skischule,poi,Kategorie,Ski-Schule,False,,,,AH67-T366 neues Mapping: POI,876
map-outdooractive-poi-category-skisprungschanze-2fdf7041d5,mapping,map,Outdooractive,poi,POI,confirmed,category,,Skisprungschanze,poi,Kategorie,Schanze,False,,,,AH67-T366 neues Mapping: POI,861
map-outdooractive-poi-category-skitourenpunkt-febd3910fb,mapping,map,Outdooractive,poi,POI,confirmed,category,,Skitourenpunkt,poi,Kategorie,Ski-Alpin,False,,,,scheinbar neue Kategorien...,578
map-outdooractive-poi-category-skiverleih-e1ce05bb08,mapping,map,Outdooractive,poi,POI,confirmed,category,,Skiverleih,poi,Kategorie,Ski-Verleih,False,,,,AH67-T366 neues Mapping: POI,878
map-outdooractive-poi-category-snowpark-2f43a0898f,mapping,map,Outdooractive,poi,POI,confirmed,category,,Snowpark,poi,Kategorie,Eislauf/Eishalle,False,,,,AH67-T366 neues Mapping: POI,856
map-outdooractive-poi-category-sommerrodelbahn-fe7962831d,mapping,map,Outdooractive,poi,POI,confirmed,category,,Sommerrodelbahn,poi,Kategorie,Sommerrodelbahn,False,,,,"AH67-T366 neues Mapping: POI (1 to 1, why?)",734
map-outdooractive-poi-category-sommerstockbahn-05c488bf17,mapping,map,Outdooractive,poi,POI,confirmed,category,,Sommerstockbahn,poi,Kategorie,Sonstige Sport- und Freizeiteinrichtung,False,,,,AH67-T366 neues Mapping: POI,860
map-outdooractive-poi-category-sonderschule-d1d20ec0e4,mapping,map,Outdooractive,poi,POI,confirmed,category,,Sonderschule,poi,Kategorie,Schulen,False,,,,at least one POI,429
map-outdooractive-poi-category-souvenir-41ba4b1003,mapping,map,Outdooractive,poi,POI,confirmed,category,,Souvenir,poi,Kategorie,Souvenirs,False,,,,at least one POI,418
map-outdooractive-poi-category-spielplatz-b878371baf,mapping,map,Outdooractive,poi,POI,confirmed,category,,Spielplatz,poi,Kategorie,Kinderspielplatz,False,,,,at least one POI,393
map-outdooractive-poi-category-sportausrustung-b358aa0c19,mapping,map,Outdooractive,poi,POI,confirmed,category,,Sportausrüstung,poi,Kategorie,Einzelhandel,False,,,,Einzelhandel maybe?,502
map-outdooractive-poi-category-sporthalle-78c1580298,mapping,map,Outdooractive,poi,POI,confirmed,category,,Sporthalle,poi,Kategorie,Sonstige Sport- und Freizeiteinrichtung,False,,,,Vom Kunden gemapped,525
map-outdooractive-poi-category-sportplatz-fbc8423e7c,mapping,map,Outdooractive,poi,POI,confirmed,category,,Sportplatz,poi,Kategorie,Sonstige Sport- und Freizeiteinrichtung | Sportplatz,True,,,,"Vom Kunden gemapped | AH67-T366 neues Mapping: POI (1 to 1, why?)",526 | 821
map-outdooractive-poi-category-sprachschule-6db71f1839,mapping,map,Outdooractive,poi,POI,confirmed,category,,Sprachschule,poi,Kategorie,Schulen,False,,,,at least one POI,430
map-outdooractive-poi-category-squash-a2220bdd96,mapping,map,Outdooractive,poi,POI,confirmed,category,,Squash,poi,Kategorie,Tennis/Squash,False,,,,at least one POI,384
map-outdooractive-poi-category-stadion-6138ebdb61,mapping,map,Outdooractive,poi,POI,confirmed,category,,Stadion,poi,Kategorie,Sonstige Sport- und Freizeiteinrichtung | Stadion,True,,,,"Vom Kunden gemapped | AH67-T366 neues Mapping: POI (1 to 1, why?)",527 | 822
map-outdooractive-poi-category-stadtwerke-a3e0dad704,mapping,map,Outdooractive,poi,POI,confirmed,category,,Stadtwerke,poi,Kategorie,Sonstige Geschäfte und Dienstleistungen,False,,,,Vom Kunden gemapped,551
map-outdooractive-poi-category-staumauer-4a8e5dd570,mapping,map,Outdooractive,poi,POI,confirmed,category,,Staumauer,poi,Kategorie,Sonstige Sehenswürdigkeit | Staumauer,True,,,,"Vom Kunden gemapped | AH67-T366 neues Mapping: POI (1 to 1, why?)",541 | 787
map-outdooractive-poi-category-steg-683a511e90,mapping,map,Outdooractive,poi,POI,confirmed,category,,Steg,poi,Kategorie,Steg,False,,,,"AH67-T366 neues Mapping: POI (1 to 1, why?)",788
map-outdooractive-poi-category-sternwarte-145b4a829d,mapping,map,Outdooractive,poi,POI,confirmed,category,,Sternwarte,poi,Kategorie,Sternwarte,False,,,,"AH67-T366 neues Mapping: POI (1 to 1, why?)",782
map-outdooractive-poi-category-strand-f0d56a14d1,mapping,map,Outdooractive,poi,POI,confirmed,category,,Strand,poi,Kategorie,Freibad | Strand,True,,,,"Vom Kunden gemapped | AH67-T366 neues Mapping: POI (1 to 1, why?)",542 | 789
map-outdooractive-poi-category-stra-enbahn-9ddb92a225,mapping,map,Outdooractive,poi,POI,confirmed,category,,Straßenbahn,poi,Kategorie,Öffentlicher Nahverkehr | Straßenbahn,True,,,,"Vom Kunden gemapped | AH67-T366 neues Mapping: POI (1 to 1, why?)",545 | 832
map-outdooractive-poi-category-tankstelle-efe6177805,mapping,map,Outdooractive,poi,POI,confirmed,category,,Tankstelle,poi,Kategorie,Tankstelle,False,,,,"AH67-T366 neues Mapping: POI (1 to 1, why?)",833
map-outdooractive-poi-category-tanzen-326ad801fc,mapping,map,Outdooractive,poi,POI,confirmed,category,,Tanzen,poi,Kategorie,Tanzen,False,,,,"AH67-T366 neues Mapping: POI (1 to 1, why?)",808
map-outdooractive-poi-category-tauchen-334c4e800d,mapping,map,Outdooractive,poi,POI,confirmed,category,,Tauchen,poi,Kategorie,Wassersport | Tauchen,True,,,,"at least one POI | AH67-T366 neues Mapping: POI (1 to 1, why?)",441 | 823
map-outdooractive-poi-category-taxi-182c6a66fc,mapping,map,Outdooractive,poi,POI,confirmed,category,,Taxi,poi,Kategorie,Taxi,False,,,,"AH67-T366 neues Mapping: POI (1 to 1, why?)",740
map-outdooractive-poi-category-technologie-grunderzentrum-0b5b65470e,mapping,map,Outdooractive,poi,POI,confirmed,category,,Technologie- & Gründerzentrum,poi,Kategorie,Sonstige Geschäfte und Dienstleistungen,False,,,,Vom Kunden gemapped,563
map-outdooractive-poi-category-teich-30f73b0ecc,mapping,map,Outdooractive,poi,POI,confirmed,category,,Teich,poi,Kategorie,Natursehenswürdigkeit | Teich,True,,,,"Natur...? | AH67-T366 neues Mapping: POI (1 to 1, why?)",516 | 790
map-outdooractive-poi-category-tennis-f3c74b90c0,mapping,map,Outdooractive,poi,POI,confirmed,category,,Tennis,poi,Kategorie,Tennis/Squash,False,,,,at least one POI,385
map-outdooractive-poi-category-theater-01dc6698c8,mapping,map,Outdooractive,poi,POI,confirmed,category,,Theater,poi,Kategorie,Theater,False,,,,"AH67-T366 neues Mapping: POI (1 to 1, why?)",841
map-outdooractive-poi-category-therme-b10db1c663,mapping,map,Outdooractive,poi,POI,confirmed,category,,Therme,poi,Kategorie,Therme/Gesundheitsbad,False,,,,at least one POI,394
map-outdooractive-poi-category-tier-freigelande-0573942041,mapping,map,Outdooractive,poi,POI,confirmed,category,,Tier-Freigelände,poi,Kategorie,Tier-Freigelände,False,,,,"AH67-T366 neues Mapping: POI (1 to 1, why?)",850
map-outdooractive-poi-category-tourist-information-5973c4af51,mapping,map,Outdooractive,poi,POI,confirmed,category,,Tourist-Information,poi,Kategorie,Tourist-Information,False,,,,"AH67-T366 neues Mapping: POI (1 to 1, why?)",854
map-outdooractive-poi-category-traditionshandwerk-34fc870d21,mapping,map,Outdooractive,poi,POI,confirmed,category,,Traditionshandwerk,poi,Kategorie,Handwerk,False,,,,scheinbar neue Kategorien...,576
map-outdooractive-poi-category-treffpunkt-cc206beb11,mapping,map,Outdooractive,poi,POI,confirmed,category,,Treffpunkt,poi,Kategorie,Sonstiges,False,,,,Vom Kunden gemapped,552
map-outdooractive-poi-category-trimm-dich-pfad-7378ce3123,mapping,map,Outdooractive,poi,POI,confirmed,category,,Trimm-Dich-Pfad,poi,Kategorie,Naturerlebnispfad | Trimm-Dich-Pfad,True,,,,"POI: passt ungefähr: | AH67-T366 neues Mapping: POI (1 to 1, why?)",457 | 824
map-outdooractive-poi-category-u-bahn-d07da9463a,mapping,map,Outdooractive,poi,POI,confirmed,category,,U-Bahn,poi,Kategorie,S-Bahn,False,,,,AH67-T366 neues Mapping: POI,865
map-outdooractive-poi-category-umwelttechnologie-a2ebc553ac,mapping,map,Outdooractive,poi,POI,confirmed,category,,Umwelttechnologie,poi,Kategorie,Sonstige Geschäfte und Dienstleistungen,False,,,,Vom Kunden gemapped,564
map-outdooractive-poi-category-universitat-60f8d8ab9c,mapping,map,Outdooractive,poi,POI,confirmed,category,,Universität,poi,Kategorie,Schulen,False,,,,at least one POI,432
map-outdooractive-poi-category-unternehmensberatung-f4c0e230e7,mapping,map,Outdooractive,poi,POI,confirmed,category,,Unternehmensberatung,poi,Kategorie,Sonstige Geschäfte und Dienstleistungen,False,,,,Vom Kunden gemapped,565
map-outdooractive-poi-category-veranstaltungsort-3c6bbccd3f,mapping,map,Outdooractive,poi,POI,confirmed,category,,Veranstaltungsort,poi,Kategorie,Kultur-/Veranstaltungsort,False,,,,at least one POI,398
map-outdooractive-poi-category-vereinsheim-d2a3d51948,mapping,map,Outdooractive,poi,POI,confirmed,category,,Vereinsheim,poi,Kategorie,Sonstige Geschäfte und Dienstleistungen | Vereinsheim,True,,,,"Vom Kunden gemapped | AH67-T366 neues Mapping: POI (1 to 1, why?)",553 | 749
map-outdooractive-poi-category-verkehr-logistik-490542c936,mapping,map,Outdooractive,poi,POI,confirmed,category,,Verkehr & Logistik,poi,Kategorie,Sonstige Mobilität und Services,False,,,,Vom Kunden gemapped,566
map-outdooractive-poi-category-versicherung-0c3300d00d,mapping,map,Outdooractive,poi,POI,confirmed,category,,Versicherung,poi,Kategorie,Sonstige Geschäfte und Dienstleistungen,False,,,,Vom Kunden gemapped,567
map-outdooractive-poi-category-vogelschutzgebiet-bf53d77d43,mapping,map,Outdooractive,poi,POI,confirmed,category,,Vogelschutzgebiet,poi,Kategorie,Natursehenswürdigkeit,False,,,,Natur...?,522
map-outdooractive-poi-category-volkshochschule-9cbbad5900,mapping,map,Outdooractive,poi,POI,confirmed,category,,Volkshochschule,poi,Kategorie,Schulen,False,,,,at least one POI,433
map-outdooractive-poi-category-volleyball-c76e7580b4,mapping,map,Outdooractive,poi,POI,confirmed,category,,Volleyball,poi,Kategorie,Beachvolleyball,False,,,,at least one POI,386
map-outdooractive-poi-category-wald-1649aed3fc,mapping,map,Outdooractive,poi,POI,confirmed,category,,Wald,poi,Kategorie,Natursehenswürdigkeit | Wald,True,,,,"Natur...? | AH67-T366 neues Mapping: POI (1 to 1, why?)",518 | 791
map-outdooractive-poi-category-wallfahrtskirche-a80abaa7b6,mapping,map,Outdooractive,poi,POI,confirmed,category,,Wallfahrtskirche,poi,Kategorie,Kirche | Wallfahrtskirche,True,,,,"Kirche? | AH67-T366 neues Mapping: POI (1 to 1, why?)",509 | 750
map-outdooractive-poi-category-wasserfall-fbc195b61c,mapping,map,Outdooractive,poi,POI,confirmed,category,,Wasserfall,poi,Kategorie,Natursehenswürdigkeit | Wasserfall,True,,,,"Natur...? | AH67-T366 neues Mapping: POI (1 to 1, why?)",519 | 792
map-outdooractive-poi-category-wassersport-39399d6bcd,mapping,map,Outdooractive,poi,POI,confirmed,category,,Wassersport,poi,Kategorie,Wassersport,False,,,,"AH67-T366 neues Mapping: POI (1 to 1, why?)",732
map-outdooractive-poi-category-wassertreten-99ecb83519,mapping,map,Outdooractive,poi,POI,confirmed,category,,Wassertreten,poi,Kategorie,Wassertreten,False,,,,"AH67-T366 neues Mapping: POI (1 to 1, why?)",813
map-outdooractive-poi-category-wc-c3732c519d,mapping,map,Outdooractive,poi,POI,confirmed,category,,WC,poi,Kategorie,Sonstige Mobilität und Services | WC,True,,,,"Vom Kunden gemapped | AH67-T366 neues Mapping: POI (1 to 1, why?)",554 | 797
map-outdooractive-poi-category-wegkreuz-dcd4b62fb0,mapping,map,Outdooractive,poi,POI,confirmed,category,,Wegkreuz,poi,Kategorie,Sonstige Sehenswürdigkeit | Wegkreuz,True,,,,"Vom Kunden gemapped | AH67-T366 neues Mapping: POI (1 to 1, why?)",532 | 543 | 752
map-outdooractive-poi-category-wegpunkt-d5bfe6f7f7,mapping,map,Outdooractive,poi,POI,confirmed,category,,Wegpunkt,poi,Kategorie,Sonstiges,False,,,,AH67-T366 neues Mapping: POI,877
map-outdooractive-poi-category-wellness-473083eb70,mapping,map,Outdooractive,poi,POI,confirmed,category,,Wellness,poi,Kategorie,Spa/Wellness,False,,,,AH67-T366 neues Mapping: POI,867
map-outdooractive-poi-category-windrad-10ed4f54a8,mapping,map,Outdooractive,poi,POI,confirmed,category,,Windrad,poi,Kategorie,Windrad,False,,,,"AH67-T366 neues Mapping: POI (1 to 1, why?)",793
map-outdooractive-poi-category-winterrodelbahn-1eb10c0cab,mapping,map,Outdooractive,poi,POI,confirmed,category,,Winterrodelbahn,poi,Kategorie,Rodeln,False,,,,AH67-T366 neues Mapping: POI,859
map-outdooractive-poi-category-wissenschaftliche-einrichtung-f8226e582a,mapping,map,Outdooractive,poi,POI,confirmed,category,,Wissenschaftliche Einrichtung,poi,Kategorie,Universität,False,,,,AH67-T366 neues Mapping: POI,896
map-outdooractive-poi-category-wohnungsgesellschaft-684de8e17f,mapping,map,Outdooractive,poi,POI,confirmed,category,,Wohnungsgesellschaft,poi,Kategorie,Sonstige Geschäfte und Dienstleistungen,False,,,,Vom Kunden gemapped,555
map-outdooractive-poi-category-yachthafen-0e029fd369,mapping,map,Outdooractive,poi,POI,confirmed,category,,Yachthafen,poi,Kategorie,Hafen,False,,,,AH67-T366 neues Mapping: POI,866
map-outdooractive-poi-category-zeitung-verlag-ebd591bf88,mapping,map,Outdooractive,poi,POI,confirmed,category,,Zeitung & Verlag,poi,Kategorie,Sonstige Geschäfte und Dienstleistungen,False,,,,Vom Kunden gemapped,568
map-outdooractive-poi-category-zirkus-2a332b32c9,mapping,map,Outdooractive,poi,POI,confirmed,category,,Zirkus,poi,Kategorie,Zirkus,False,,,,"AH67-T366 neues Mapping: POI (1 to 1, why?)",745
map-outdooractive-poi-category-zoo-tierpark-9e1a6abcf5,mapping,map,Outdooractive,poi,POI,confirmed,category,,Zoo / Tierpark,poi,Kategorie,Zoo/Tierpark,False,,,,at least one POI,395
map-outdooractive-poi-category-zoo-tierpark-4d2761ac65,mapping,map,Outdooractive,poi,POI,confirmed,category,,Zoo/Tierpark,poi,Kategorie,Zoo/Tierpark,False,,,,"AH67-T366 neues Mapping: POI (1 to 1, why?)",765
map-outdooractive-poi-feature-barrierefrei-2264245f07,mapping,noImport,Outdooractive,poi,POI,confirmed,feature,,barrierefrei,poi,,,False,,,barrierefrei-no-import,AH67-T366 neues Mapping: POI,903
map-outdooractive-poi-feature-familienfreundlich-7001769d5f,mapping,noImport,Outdooractive,poi,POI,confirmed,feature,,familienfreundlich,poi,,,False,,,familienfreundlich-no-import,AH67-T366 neues Mapping: POI,902
map-outdooractive-poi-feature-hundefreundlich-296f3d36d4,mapping,map,Outdooractive,poi,POI,confirmed,feature,,hundefreundlich,poi,,Tour mit Hund,False,,,,AH67-T366 neues Mapping: POI,904
map-tis-poi-poi-category-aktivitaten-sport-e691ca4d04,mapping,map,TIS POI,poi,POI,confirmed-by-section-heading,category,,Aktivitäten & Sport,poi,Kategorie,Sonstige Sport- und Freizeiteinrichtung,False,,,,,911
map-tis-poi-poi-category-andere-dienstleistungen-1b08d4e3ca,mapping,map,TIS POI,poi,POI,confirmed-by-section-heading,category,,andere Dienstleistungen,poi,Kategorie,Sonstige Geschäfte und Dienstleistungen,False,,,,,912
map-tis-poi-poi-category-angelsport-fdbc072fd4,mapping,map,TIS POI,poi,POI,confirmed-by-section-heading,category,,Angelsport,poi,Kategorie,Angeln/Fischen,False,,,,,913
map-tis-poi-poi-category-ausflugsziele-709118f24b,mapping,map,TIS POI,poi,POI,confirmed-by-section-heading,category,,Ausflugsziele,poi,Kategorie,Sehenswertes,False,,,,,914
map-tis-poi-poi-category-aussichtsturme-8c61f49297,mapping,map,TIS POI,poi,POI,confirmed-by-section-heading,category,,Aussichtstürme,poi,Kategorie,Aussichtspunkt/-turm,False,,,,,915
map-tis-poi-poi-category-baden-wassersport-da7b45cab0,mapping,map,TIS POI,poi,POI,confirmed-by-section-heading,category,,Baden/Wassersport,poi,Kategorie,Wassersport,False,,,,,916
map-tis-poi-poi-category-bahn-4d0baa10ac,mapping,map,TIS POI,poi,POI,confirmed-by-section-heading,category,,Bahn,poi,Kategorie,Bahnhof,False,,,,,918
map-tis-poi-poi-category-bergbahn-ebf1e6038c,mapping,map,TIS POI,poi,POI,confirmed-by-section-heading,category,,Bergbahn,poi,Kategorie,Bergbahn/Lift,False,,,,,919
map-tis-poi-poi-category-berge-aussichtspunkte-aussichtsturme-6c6dbd41e1,mapping,map,TIS POI,poi,POI,confirmed-by-section-heading,category,,Berge/Aussichtspunkte/Aussichtstürme,poi,Kategorie,Aussichtspunkt/-turm,False,,,,,920
map-tis-poi-poi-category-bergrettungsdienst-73a54a8ace,mapping,map,TIS POI,poi,POI,confirmed-by-section-heading,category,,Bergrettungsdienst,poi,Kategorie,Rettungsdienst,False,,,,,921
map-tis-poi-poi-category-besucherbergwerk-9a65464fa4,mapping,map,TIS POI,poi,POI,confirmed-by-section-heading,category,,Besucherbergwerk,poi,Kategorie,Besucherbergwerk,False,,,,new AGJ7-T297,1033
map-tis-poi-poi-category-billard-0e3bf33157,mapping,map,TIS POI,poi,POI,confirmed-by-section-heading,category,,Billard,poi,Kategorie,Sonstige Sport- und Freizeiteinrichtung,False,,,,new AGJ7-T297,1034
map-tis-poi-poi-category-bootsanlegestellen-d9489851c6,mapping,map,TIS POI,poi,POI,confirmed-by-section-heading,category,,Bootsanlegestellen,poi,Kategorie,Bootsanlegestellen,False,,,,,922
map-tis-poi-poi-category-bootsfahrten-bootsverleih-8202592338,mapping,map,TIS POI,poi,POI,confirmed-by-section-heading,category,,Bootsfahrten/Bootsverleih,poi,Kategorie,Bootsverleih,False,,,,,923
map-tis-poi-poi-category-botanische-garten-f3309b9c99,mapping,map,TIS POI,poi,POI,confirmed-by-section-heading,category,,Botanische Gärten,poi,Kategorie,Park/Garten,False,,,,,924
map-tis-poi-poi-category-bowling-kegeln-add96e556a,mapping,map,TIS POI,poi,POI,confirmed-by-section-heading,category,,Bowling & Kegeln,poi,Kategorie,Kegeln/Bowling,False,,,,,925
map-tis-poi-poi-category-brauerei-e2fe623a2a,mapping,map,TIS POI,poi,POI,confirmed-by-section-heading,category,,Brauerei,poi,Kategorie,Brauerei,False,,,,new AGJ7-T297,1035
map-tis-poi-poi-category-burgen-769cb7f6a4,mapping,map,TIS POI,poi,POI,confirmed-by-section-heading,category,,Burgen,poi,Kategorie,Burg,False,,,,,926
map-tis-poi-poi-category-bus-43b59e5e0e,mapping,map,TIS POI,poi,POI,confirmed-by-section-heading,category,,Bus,poi,Kategorie,Bushaltestelle,False,,,,,927
map-tis-poi-poi-category-bader-85fc983f5b,mapping,map,TIS POI,poi,POI,confirmed-by-section-heading,category,,Bäder,poi,Kategorie,Hallenbad/Erlebnisbad,False,,,,,917
map-tis-poi-poi-category-buchereien-a1a9035c24,mapping,map,TIS POI,poi,POI,confirmed-by-section-heading,category,,Büchereien,poi,Kategorie,Bücherei,False,,,,new AGJ7-T297,1036
map-tis-poi-poi-category-denkmal-dfca9d8a7c,mapping,map,TIS POI,poi,POI,confirmed-by-section-heading,category,,Denkmal,poi,Kategorie,Denkmal,False,,,,new AGJ7-T297,1037
map-tis-poi-poi-category-e-bike-akku-wechselstation-99bbfa1fae,mapping,map,TIS POI,poi,POI,confirmed-by-section-heading,category,,E-Bike-Akku-Wechselstation,poi,Kategorie,eBike Akku-Wechselstation,False,,,,,928
map-tis-poi-poi-category-e-bike-ladestation-93d71aa1a0,mapping,map,TIS POI,poi,POI,confirmed-by-section-heading,category,,E-Bike-Ladestation,poi,Kategorie,eBike Ladestation,False,,,,,929
map-tis-poi-poi-category-e-bikes-ef0bc2ab06,mapping,map,TIS POI,poi,POI,confirmed-by-section-heading,category,,E-Bikes,poi,Kategorie,eBike Verleihstation,False,,,,,931
map-tis-poi-poi-category-e-bikes-verleih-4a590a085d,mapping,map,TIS POI,poi,POI,confirmed-by-section-heading,category,,E-Bikes Verleih,poi,Kategorie,eBike Verleihstation,False,,,,new AGJ7-T297,1038
map-tis-poi-poi-category-eislauf-eishalle-22bf1bd1ba,mapping,map,TIS POI,poi,POI,confirmed-by-section-heading,category,,Eislauf / Eishalle,poi,Kategorie,Eislauf/Eishalle,False,,,,new AGJ7-T297,1039
map-tis-poi-poi-category-erholung-gesundheit-8697247a81,mapping,map,TIS POI,poi,POI,confirmed-by-section-heading,category,,Erholung & Gesundheit,poi,Kategorie,Sonstige Erholungs- und Gesundheitseinrichtungen,False,,,,new AGJ7-T297,1040
map-tis-poi-poi-category-fahrradservice-verleih-2eb5477f7f,mapping,map,TIS POI,poi,POI,confirmed-by-section-heading,category,,"Fahrradservice, -verleih",poi,Kategorie,Fahrradverleih/-reparatur,False,,,,,933
map-tis-poi-poi-category-festung-0696fd30ef,mapping,map,TIS POI,poi,POI,confirmed-by-section-heading,category,,Festung,poi,Kategorie,Festung,False,,,,new AGJ7-T297,1041
map-tis-poi-poi-category-fitness-1f0ae79929,mapping,map,TIS POI,poi,POI,confirmed-by-section-heading,category,,Fitness,poi,Kategorie,Fitness,False,,,,,934
map-tis-poi-poi-category-flugplatze-91503c57fe,mapping,map,TIS POI,poi,POI,confirmed-by-section-heading,category,,Flugplätze,poi,Kategorie,Flughafen/Flugplatz,False,,,,,935
map-tis-poi-poi-category-flugsport-183c70e1fe,mapping,map,TIS POI,poi,POI,confirmed-by-section-heading,category,,Flugsport,poi,Kategorie,Luftsport | Flughafen/Flugplatz,True,,,,,936 | 937
map-tis-poi-poi-category-freibader-f22d910222,mapping,map,TIS POI,poi,POI,confirmed-by-section-heading,category,,Freibäder,poi,Kategorie,Freibad,False,,,,,938
map-tis-poi-poi-category-freies-wlan-e9b3764b9a,mapping,map,TIS POI,poi,POI,confirmed-by-section-heading,category,,freies WLAN,poi,Kategorie,freies WLAN,False,,,,new AGJ7-T297,1042
map-tis-poi-poi-category-freilichtbuhne-1b9f50af21,mapping,map,TIS POI,poi,POI,confirmed-by-section-heading,category,,Freilichtbühne,poi,Kategorie,Freilichtbühne/-theater,False,,,,new AGJ7-T297,1043
map-tis-poi-poi-category-freizeitparks-58dff9cee8,mapping,map,TIS POI,poi,POI,confirmed-by-section-heading,category,,Freizeitparks,poi,Kategorie,Freizeitpark,False,,,,,939
map-tis-poi-poi-category-fu-ball-56c46a70ea,mapping,map,TIS POI,poi,POI,confirmed-by-section-heading,category,,Fußball,poi,Kategorie,Fußball,False,,,,new AGJ7-T297,1045
map-tis-poi-poi-category-fahren-69a708cc0a,mapping,map,TIS POI,poi,POI,confirmed-by-section-heading,category,,Fähren,poi,Kategorie,Fähre,False,,,,,932
map-tis-poi-poi-category-fuhrung-8a0b1627a7,mapping,map,TIS POI,poi,POI,confirmed-by-section-heading,category,,Führung,poi,Kategorie,Führung,False,,,,new AGJ7-T297,1044
map-tis-poi-poi-category-galerien-1a3b40b90b,mapping,map,TIS POI,poi,POI,confirmed-by-section-heading,category,,Galerien,poi,Kategorie,Galerie,False,,,,,940
map-tis-poi-poi-category-geschafte-dienstleistungen-ce4d069e19,mapping,map,TIS POI,poi,POI,confirmed-by-section-heading,category,,Geschäfte & Dienstleistungen,poi,Kategorie,Sonstige Geschäfte und Dienstleistungen,False,,,,new AGJ7-T297,1046
map-tis-poi-poi-category-geschafte-und-dienstleistung-a870f46e30,mapping,map,TIS POI,poi,POI,confirmed-by-section-heading,category,,Geschäfte und Dienstleistung,poi,Kategorie,Sonstige Geschäfte und Dienstleistungen,False,,,,new AGJ7-T297,1074
map-tis-poi-poi-category-gesundheit-wellness-ce07ebcd7d,mapping,map,TIS POI,poi,POI,confirmed-by-section-heading,category,,Gesundheit & Wellness,poi,Kategorie,Spa / Wellness,False,,,,,942
map-tis-poi-poi-category-gesundheitsbader-9d10f70bff,mapping,map,TIS POI,poi,POI,confirmed-by-section-heading,category,,Gesundheitsbäder,poi,Kategorie,Therme/Gesundheitsbad,False,,,,,943
map-tis-poi-poi-category-gesundheitspfade-8df124e654,mapping,map,TIS POI,poi,POI,confirmed-by-section-heading,category,,Gesundheitspfade,poi,Kategorie,Fitness,False,,,,,944
map-tis-poi-poi-category-glaswerkstatten-ff60e57ae0,mapping,map,TIS POI,poi,POI,confirmed-by-section-heading,category,,Glaswerkstätten,poi,Kategorie,Glashütte,False,,,,,945
map-tis-poi-poi-category-go-kart-9641670381,mapping,map,TIS POI,poi,POI,confirmed-by-section-heading,category,,Go Kart,poi,Kategorie,Motorsport,False,,,,,946
map-tis-poi-poi-category-golf-minigolf-441ade6efc,mapping,map,TIS POI,poi,POI,confirmed-by-section-heading,category,,Golf/Minigolf,poi,Kategorie,Golf,False,,,,,947
map-tis-poi-poi-category-grillplatze-0bc70b3471,mapping,map,TIS POI,poi,POI,confirmed-by-section-heading,category,,Grillplätze,poi,Kategorie,Grillplatz,False,,,,,949
map-tis-poi-poi-category-garten-02f9a7734c,mapping,map,TIS POI,poi,POI,confirmed-by-section-heading,category,,Gärten,poi,Kategorie,Park/Garten,False,,,,,941
map-tis-poi-poi-category-hallenbader-19cfa5804e,mapping,map,TIS POI,poi,POI,confirmed-by-section-heading,category,,Hallenbäder,poi,Kategorie,Hallenbad/Erlebnisbad,False,,,,,950
map-tis-poi-poi-category-handwerk-ecda6d07ad,mapping,map,TIS POI,poi,POI,confirmed-by-section-heading,category,,Handwerk,poi,Kategorie,Handwerk,False,,,,new AGJ7-T297,1047
map-tis-poi-poi-category-handwerk-tradition-c63dc8056f,mapping,map,TIS POI,poi,POI,confirmed-by-section-heading,category,,Handwerk & Tradition,poi,Kategorie,Handwerk,False,,,,,951
map-tis-poi-poi-category-heiraten-2a6d5615f6,mapping,map,TIS POI,poi,POI,confirmed-by-section-heading,category,,Heiraten,poi,Kategorie,Sonstige Geschäfte und Dienstleistungen,False,,,,new AGJ7-T297,1048
map-tis-poi-poi-category-hofladen-fb247de503,mapping,map,TIS POI,poi,POI,confirmed-by-section-heading,category,,Hofladen,poi,Kategorie,Direktvermarkter,False,,,,new,1030
map-tis-poi-poi-category-hofladen-direktvermarkter-85a33df39f,mapping,map,TIS POI,poi,POI,confirmed-by-section-heading,category,,Hofladen / Direktvermarkter,poi,Kategorie,Direktvermarkter,False,,,,new AGJ7-T297,1049
map-tis-poi-poi-category-holzkunst-c1026f147b,mapping,map,TIS POI,poi,POI,confirmed-by-section-heading,category,,Holzkunst,poi,Kategorie,Handwerk,False,,,,,952
map-tis-poi-poi-category-hohlen-dfffa0a2e7,mapping,map,TIS POI,poi,POI,confirmed-by-section-heading,category,,Höhlen,poi,Kategorie,Höhle/Tropfsteinhöhle,False,,,,new AGJ7-T297,1050
map-tis-poi-poi-category-informationsstellen-behorden-c4cbbee299,mapping,map,TIS POI,poi,POI,confirmed-by-section-heading,category,,Informationsstellen & Behörden,poi,Kategorie,Infostelle,False,,,,,953
map-tis-poi-poi-category-kirchen-18f1dd9d8e,mapping,map,TIS POI,poi,POI,confirmed-by-section-heading,category,,Kirchen,poi,Kategorie,Kirche,False,,,,,954
map-tis-poi-poi-category-kleinbahn-eb76ccd046,mapping,map,TIS POI,poi,POI,confirmed-by-section-heading,category,,Kleinbahn,poi,Kategorie,Freizeitbahn | Eisen-/Schmalspurbahn,True,,,,,955 | 956
map-tis-poi-poi-category-klettern-da2e3875a9,mapping,map,TIS POI,poi,POI,confirmed-by-section-heading,category,,Klettern,poi,Kategorie,Klettern,False,,,,,957
map-tis-poi-poi-category-kliniken-04fca4ff1c,mapping,map,TIS POI,poi,POI,confirmed-by-section-heading,category,,Kliniken,poi,Kategorie,Krankenhaus | Sonstige Erholungs- und Gesundheitseinrichtungen,True,,,,,958 | 959
map-tis-poi-poi-category-kreatives-gestalten-ecc96bf4b8,mapping,map,TIS POI,poi,POI,confirmed-by-section-heading,category,,Kreatives Gestalten,poi,Kategorie,Kreativität / Gestalten,False,,,,,961
map-tis-poi-poi-category-krauterinseln-garten-2e3c6e4444,mapping,map,TIS POI,poi,POI,confirmed-by-section-heading,category,,Kräuterinseln/-Gärten,poi,Kategorie,Park/Garten,False,,,,,960
map-tis-poi-poi-category-kultur-ausflug-b271bbfff7,mapping,map,TIS POI,poi,POI,confirmed-by-section-heading,category,,Kultur & Ausflug,poi,Kategorie,Sonstige Sehenswürdigkeit | Sehenswertes,True,,,,,962 | 963
map-tis-poi-poi-category-kulturzentrum-2802f9c798,mapping,map,TIS POI,poi,POI,confirmed-by-section-heading,category,,Kulturzentrum,poi,Kategorie,Kulturzentrum,False,,,,new AGJ7-T297,1051
map-tis-poi-poi-category-kunstschmiede-3d2b46e3b9,mapping,map,TIS POI,poi,POI,confirmed-by-section-heading,category,,Kunstschmiede,poi,Kategorie,Handwerk,False,,,,,964
map-tis-poi-poi-category-kurhauser-19edf0b0dc,mapping,map,TIS POI,poi,POI,confirmed-by-section-heading,category,,Kurhäuser,poi,Kategorie,Kurmittelhaus | Sonstige Erholungs- und Gesundheitseinrichtungen,True,,,,,965 | 966
map-tis-poi-poi-category-kurorte-f6374a06d7,mapping,map,TIS POI,poi,POI,confirmed-by-section-heading,category,,Kurorte,poi,Kategorie,Kurort/Heilbad,False,,,,,967
map-tis-poi-poi-category-ladestellen-e95756634b,mapping,map,TIS POI,poi,POI,confirmed-by-section-heading,category,,Ladestellen,poi,Kategorie,eBike Ladestation,False,,,,,930
map-tis-poi-poi-category-landratsamter-c4e66b582e,mapping,map,TIS POI,poi,POI,confirmed-by-section-heading,category,,Landratsämter,poi,Kategorie,Landratsamt,False,,,,,968
map-tis-poi-poi-category-lehrpfade-44ca336ca0,mapping,map,TIS POI,poi,POI,confirmed-by-section-heading,category,,Lehrpfade,poi,Kategorie,Naturerlebnispfad,False,,,,,969
map-tis-poi-poi-category-malerei-70b1cdd340,mapping,map,TIS POI,poi,POI,confirmed-by-section-heading,category,,Malerei,poi,Kategorie,Museum/Sammlung | Handwerk,True,,,,,970 | 971
map-tis-poi-poi-category-marktplatz-12ad2993b7,mapping,map,TIS POI,poi,POI,confirmed-by-section-heading,category,,Marktplatz,poi,Kategorie,Marktplatz,False,,,,new AGJ7-T297,1052
map-tis-poi-poi-category-mietwagen-f2b158a961,mapping,map,TIS POI,poi,POI,confirmed-by-section-heading,category,,Mietwagen,poi,Kategorie,Autoverleih,False,,,,new AGJ7-T297,1053
map-tis-poi-poi-category-mietwagen-taxiunternehmen-b5954c7a7b,mapping,map,TIS POI,poi,POI,confirmed-by-section-heading,category,,Mietwagen/Taxiunternehmen,poi,Kategorie,Taxi,False,,,,,972
map-tis-poi-poi-category-miniaturschauanlage-f3a37ea6b9,mapping,map,TIS POI,poi,POI,confirmed-by-section-heading,category,,Miniaturschauanlage,poi,Kategorie,Miniaturschauanlage,False,,,,new AGJ7-T297,1054
map-tis-poi-poi-category-minigolf-a4a5f0958f,mapping,map,TIS POI,poi,POI,confirmed-by-section-heading,category,,Minigolf,poi,Kategorie,Minigolf,False,,,,,948
map-tis-poi-poi-category-mobil-service-d34cdea867,mapping,map,TIS POI,poi,POI,confirmed-by-section-heading,category,,Mobil & Service,poi,Kategorie,Sonstige Mobilität und Services,False,,,,new AGJ7-T297,1055
map-tis-poi-poi-category-mobilitat-verkehr-3d8d1acc4d,mapping,map,TIS POI,poi,POI,confirmed-by-section-heading,category,,Mobilität & Verkehr,poi,Kategorie,Sonstige Mobilität und Services,False,,,,,973
map-tis-poi-poi-category-motorradsport-6fc4d0dafb,mapping,map,TIS POI,poi,POI,confirmed-by-section-heading,category,,Motorradsport,poi,Kategorie,Motorsport,False,,,,,974
map-tis-poi-poi-category-motorsport-bd9906b61d,mapping,map,TIS POI,poi,POI,confirmed-by-section-heading,category,,Motorsport,poi,Kategorie,Motorsport,False,,,,new AGJ7-T297,1056
map-tis-poi-poi-category-museen-denkmale-4b5cdc27da,mapping,map,TIS POI,poi,POI,confirmed-by-section-heading,category,,Museen / Denkmale,poi,Kategorie,Museum/Sammlung | Denkmal,True,,,,,976 | 977
map-tis-poi-poi-category-museen-sammlungen-d6249eb328,mapping,map,TIS POI,poi,POI,confirmed-by-section-heading,category,,Museen / Sammlungen,poi,Kategorie,Museum/Sammlung,False,,,,new AGJ7-T297,1073
map-tis-poi-poi-category-muhlen-048ea2376d,mapping,map,TIS POI,poi,POI,confirmed-by-section-heading,category,,Mühlen,poi,Kategorie,Mühle,False,,,,,975
map-tis-poi-poi-category-nationalpark-b6a69d57ee,mapping,map,TIS POI,poi,POI,confirmed-by-section-heading,category,,Nationalpark,poi,Kategorie,Nationalpark,False,,,,,978
map-tis-poi-poi-category-nationalpark-infostelle-234b071f53,mapping,map,TIS POI,poi,POI,confirmed-by-section-heading,category,,Nationalpark Infostelle,poi,Kategorie,Naturpark-Infostelle,False,,,,new AGJ7-T297,1057
map-tis-poi-poi-category-natur-fafeaee78c,mapping,map,TIS POI,poi,POI,confirmed-by-section-heading,category,,Natur,poi,Kategorie,Natursehenswürdigkeit,False,,,,,979
map-tis-poi-poi-category-natursehenswurdigkeiten-8c164b2332,mapping,map,TIS POI,poi,POI,confirmed-by-section-heading,category,,Natursehenswürdigkeiten,poi,Kategorie,Natursehenswürdigkeit,False,,,,,980
map-tis-poi-poi-category-nur-fu-ganger-radfahrer-f977c4d97b,mapping,map,TIS POI,poi,POI,confirmed-by-section-heading,category,,nur Fußgänger / Radfahrer,poi,Kategorie,Fußgängerzone,False,,,,,981
map-tis-poi-poi-category-orte-gemeinden-bde85885a3,mapping,map,TIS POI,poi,POI,confirmed-by-section-heading,category,,Orte & Gemeinden,poi,Kategorie,Ort / Gemeinde,False,,,,new,1031
map-tis-poi-poi-category-parkplatze-a9e71df982,mapping,map,TIS POI,poi,POI,confirmed-by-section-heading,category,,Parkplätze,poi,Kategorie,Parkmöglichkeiten,False,,,,,984
map-tis-poi-poi-category-parks-9c23f174b6,mapping,map,TIS POI,poi,POI,confirmed-by-section-heading,category,,Parks,poi,Kategorie,Park/Garten,False,,,,,985
map-tis-poi-poi-category-parks-garten-3ea396ea03,mapping,map,TIS POI,poi,POI,confirmed-by-section-heading,category,,Parks & Gärten,poi,Kategorie,Park/Garten,False,,,,new AGJ7-T297,1058
map-tis-poi-poi-category-pkw-9f68f7bba5,mapping,map,TIS POI,poi,POI,confirmed-by-section-heading,category,,PKW,poi,Kategorie,Sonstiges,False,,,,,986
map-tis-poi-poi-category-radfahren-b43b6bbcac,mapping,map,TIS POI,poi,POI,confirmed-by-section-heading,category,,Radfahren,poi,Kategorie,Fahrrad,False,,,,,987
map-tis-poi-poi-category-reiseunternehmen-7865d0ef24,mapping,map,TIS POI,poi,POI,confirmed-by-section-heading,category,,Reiseunternehmen,poi,Kategorie,Reiseunternehmen,False,,,,,988
map-tis-poi-poi-category-reiten-pferdesport-6880526d81,mapping,map,TIS POI,poi,POI,confirmed-by-section-heading,category,,Reiten/Pferdesport,poi,Kategorie,Reiten,False,,,,,989
map-tis-poi-poi-category-rodeln-7520cd3592,mapping,map,TIS POI,poi,POI,confirmed-by-section-heading,category,,Rodeln,poi,Kategorie,Rodeln,False,,,,new AGJ7-T297,1059
map-tis-poi-poi-category-sauna-solarium-b2054793f8,mapping,map,TIS POI,poi,POI,confirmed-by-section-heading,category,,Sauna/Solarium,poi,Kategorie,Saunalandschaft,False,,,,,990
map-tis-poi-poi-category-schauwerkstatt-manufaktur-0b1d3bf412,mapping,map,TIS POI,poi,POI,confirmed-by-section-heading,category,,Schauwerkstatt / Manufaktur,poi,Kategorie,Schauwerkstatt / Manufaktur,False,,,,new AGJ7-T297,1060
map-tis-poi-poi-category-schie-sport-5845ca3dca,mapping,map,TIS POI,poi,POI,confirmed-by-section-heading,category,,Schießsport,poi,Kategorie,Schießsport,False,,,,,992
map-tis-poi-poi-category-schifffahrt-6febfb7755,mapping,map,TIS POI,poi,POI,confirmed-by-section-heading,category,,Schifffahrt,poi,Kategorie,Schifffahrt,False,,,,,993
map-tis-poi-poi-category-schlosser-800d53f1d8,mapping,map,TIS POI,poi,POI,confirmed-by-section-heading,category,,Schlösser,poi,Kategorie,Schloss,False,,,,,994
map-tis-poi-poi-category-schaferei-d8872f58a2,mapping,map,TIS POI,poi,POI,confirmed-by-section-heading,category,,Schäferei,poi,Kategorie,Sonstiges,False,,,,,991
map-tis-poi-poi-category-segeln-surfen-f635a68100,mapping,map,TIS POI,poi,POI,confirmed-by-section-heading,category,,Segeln/Surfen,poi,Kategorie,Wassersport,False,,,,,995
map-tis-poi-poi-category-sehenswertes-65849de7e7,mapping,map,TIS POI,poi,POI,confirmed-by-section-heading,category,,Sehenswertes,poi,Kategorie,Sehenswertes,False,,,,new AGJ7-T297,1061
map-tis-poi-poi-category-ski-a96b8193ca,mapping,map,TIS POI,poi,POI,confirmed-by-section-heading,category,,Ski,poi,Kategorie,Skigebiet,False,,,,new AGJ7-T297,1062
map-tis-poi-poi-category-skilifte-d387a74dfa,mapping,map,TIS POI,poi,POI,confirmed-by-section-heading,category,,Skilifte,poi,Kategorie,Bergbahn/Lift,False,,,,,996
map-tis-poi-poi-category-sonderverkehrsmittel-d0736eea22,mapping,map,TIS POI,poi,POI,confirmed-by-section-heading,category,,Sonderverkehrsmittel,poi,Kategorie,Öffentlicher Nahverkehr | Freizeitbahn,True,,,,,997 | 998
map-tis-poi-poi-category-sonst-unterhaltungseinrichtungen-c860c90b45,mapping,map,TIS POI,poi,POI,confirmed-by-section-heading,category,,Sonst. Unterhaltungseinrichtungen,poi,Kategorie,Sonstige Unterhaltungseinrichtungen,False,,,,new AGJ7-T297,1063
map-tis-poi-poi-category-sonstige-a2a231b928,mapping,map,TIS POI,poi,POI,confirmed-by-section-heading,category,,Sonstige,poi,Kategorie,Sonstiges,False,,,,,999
map-tis-poi-poi-category-sonstiges-da144a8baa,mapping,map,TIS POI,poi,POI,confirmed-by-section-heading,category,,Sonstiges,poi,Kategorie,Sonstiges,False,,,,,1000
map-tis-poi-poi-category-spielplatze-1d89730cac,mapping,map,TIS POI,poi,POI,confirmed-by-section-heading,category,,Spielplätze,poi,Kategorie,Kinderspielplatz,False,,,,,1001
map-tis-poi-poi-category-spielstatte-8609b40c6b,mapping,map,TIS POI,poi,POI,confirmed-by-section-heading,category,,Spielstätte,poi,Kategorie,Spielstätte,False,,,,new AGJ7-T297,1064
map-tis-poi-poi-category-sport-freizeit-7f7e25ff61,mapping,map,TIS POI,poi,POI,confirmed-by-section-heading,category,,Sport & Freizeit,poi,Kategorie,Sonstige Sport- und Freizeiteinrichtung,False,,,,new AGJ7-T297,1065
map-tis-poi-poi-category-sport-und-freizeitzentren-87743157d4,mapping,map,TIS POI,poi,POI,confirmed-by-section-heading,category,,Sport- und Freizeitzentren,poi,Kategorie,Sonstige Sport- und Freizeiteinrichtung,False,,,,new,1028
map-tis-poi-poi-category-squash-badminton-tischtennis-8da57ded84,mapping,map,TIS POI,poi,POI,confirmed-by-section-heading,category,,Squash/Badminton/Tischtennis,poi,Kategorie,Tennis/Squash,False,,,,,1002
map-tis-poi-poi-category-stadt-gemeindeverwaltungen-402ee39147,mapping,map,TIS POI,poi,POI,confirmed-by-section-heading,category,,Stadt-/Gemeindeverwaltungen,poi,Kategorie,Stadt-/Gemeindeverwaltung,False,,,,,1003
map-tis-poi-poi-category-taxiunternehmen-4039186f2d,mapping,map,TIS POI,poi,POI,confirmed-by-section-heading,category,,Taxiunternehmen,poi,Kategorie,Taxi,False,,,,new AGJ7-T297,1067
map-tis-poi-poi-category-tennis-35dd53310f,mapping,map,TIS POI,poi,POI,confirmed-by-section-heading,category,,Tennis,poi,Kategorie,Tennis/Squash,False,,,,,1004
map-tis-poi-poi-category-tennis-squash-3b76de17df,mapping,map,TIS POI,poi,POI,confirmed-by-section-heading,category,,Tennis / Squash,poi,Kategorie,Tennis/Squash,False,,,,new AGJ7-T297,1068
map-tis-poi-poi-category-textilkunst-e8ac05b138,mapping,map,TIS POI,poi,POI,confirmed-by-section-heading,category,,Textilkunst,poi,Kategorie,Handwerk,False,,,,,1005
map-tis-poi-poi-category-theater-7ce7c2e7a8,mapping,map,TIS POI,poi,POI,confirmed-by-section-heading,category,,Theater,poi,Kategorie,Theater,False,,,,,1006
map-tis-poi-poi-category-thermen-11cd53ec1d,mapping,map,TIS POI,poi,POI,confirmed-by-section-heading,category,,Thermen,poi,Kategorie,Therme/Gesundheitsbad,False,,,,,1007
map-tis-poi-poi-category-thermen-gesundheitsbader-9d57734d19,mapping,map,TIS POI,poi,POI,confirmed-by-section-heading,category,,Thermen / Gesundheitsbäder,poi,Kategorie,Therme/Gesundheitsbad,False,,,,new AGJ7-T297,1069
map-tis-poi-poi-category-tier-freigelande-72a3c7918c,mapping,map,TIS POI,poi,POI,confirmed-by-section-heading,category,,Tier-Freigelände,poi,Kategorie,Tier-Freigelände,False,,,,new AGJ7-T297,1070
map-tis-poi-poi-category-tierpark-zoo-97448105b9,mapping,map,TIS POI,poi,POI,confirmed-by-section-heading,category,,Tierpark/Zoo,poi,Kategorie,Zoo/Tierpark,False,,,,,1008
map-tis-poi-poi-category-tischtennis-28061fbf43,mapping,map,TIS POI,poi,POI,confirmed-by-section-heading,category,,Tischtennis,poi,Kategorie,Sonstige Sport- und Freizeiteinrichtung,False,,,,new AGJ7-T297,1066
map-tis-poi-poi-category-touristinformationen-4a3aa4428f,mapping,map,TIS POI,poi,POI,confirmed-by-section-heading,category,,Touristinformationen,poi,Kategorie,Tourist-Information,False,,,,new AGJ7-T297,1071
map-tis-poi-poi-category-topfern-9a31c95be3,mapping,map,TIS POI,poi,POI,confirmed-by-section-heading,category,,Töpfern,poi,Kategorie,Kreativität / Gestalten,False,,,,,1009
map-tis-poi-poi-category-unterhaltung-e616ddd8f4,mapping,map,TIS POI,poi,POI,confirmed-by-section-heading,category,,Unterhaltung,poi,Kategorie,Sonstige Unterhaltungseinrichtungen,False,,,,,1010
map-tis-poi-poi-category-veranstaltungszentren-d10483194b,mapping,map,TIS POI,poi,POI,confirmed-by-section-heading,category,,Veranstaltungszentren,poi,Kategorie,Kultur-/Veranstaltungsort,False,,,,,1011
map-tis-poi-poi-category-vereine-bc13613277,mapping,map,TIS POI,poi,POI,confirmed-by-section-heading,category,,Vereine,poi,Kategorie,Sonstige Sport- und Freizeiteinrichtung,False,,,,new,1029
map-tis-poi-poi-category-volleyball-beachvolleyball-97d9b47404,mapping,map,TIS POI,poi,POI,confirmed-by-section-heading,category,,Volleyball/Beachvolleyball,poi,Kategorie,Beachvolleyball,False,,,,,1012
map-tis-poi-poi-category-weitere-dienstleistungen-119676e5ed,mapping,map,TIS POI,poi,POI,confirmed-by-section-heading,category,,weitere Dienstleistungen,poi,Kategorie,Sonstige Geschäfte und Dienstleistungen,False,,,,,1013
map-tis-poi-poi-category-wellness-beauty-kosmetik-a1094b7610,mapping,map,TIS POI,poi,POI,confirmed-by-section-heading,category,,Wellness/Beauty/Kosmetik,poi,Kategorie,Spa / Wellness,False,,,,,1014
map-tis-poi-poi-category-wohnmobilstellplatze-897285b029,mapping,map,TIS POI,poi,POI,confirmed-by-section-heading,category,,Wohnmobilstellplätze,poi,Kategorie,Sonstige Mobilität und Services,False,,,,new AGJ7-T297,1072
map-tis-poi-poi-category-offentlicher-nahverkehr-78f1a88e33,mapping,map,TIS POI,poi,POI,confirmed-by-section-heading,category,,Öffentlicher Nahverkehr,poi,Kategorie,Öffentlicher Nahverkehr,False,,,,,982
map-tis-poi-poi-category-ortliche-touristinformationen-67ceb87aa7,mapping,map,TIS POI,poi,POI,confirmed-by-section-heading,category,,Örtliche Touristinformationen,poi,Kategorie,Tourist-Information,False,,,,,983
map-damas-tour-category-flo-touren-cb371abdfd,mapping,map,DAMAS,tour,tour,confirmed,category,,Floßtouren,tour,,Bootstour,False,,,,tour,85
map-damas-tour-category-hausboottouren-9e18b90092,mapping,map,DAMAS,tour,tour,confirmed,category,,Hausboottouren,tour,,Bootstour,False,,,,tour,86
map-damas-tour-category-industriekultur-63356e7d82,mapping,map,DAMAS,tour,tour,confirmed,category,,Industriekultur,tour,,Themenweg,False,,,,tour,87
map-damas-tour-category-kanutouren-f724f99ee3,mapping,map,DAMAS,tour,tour,confirmed,category,,Kanutouren,tour,,Kanu,False,,,,tour,82
map-damas-tour-category-kultur-erleben-60d0a8b467,mapping,map,DAMAS,tour,tour,confirmed,category,,Kultur erleben,tour,,Themenweg,False,,,,tour,84
map-damas-tour-category-natur-und-landschaftsfuhrungen-deab894b07,mapping,map,DAMAS,tour,tour,confirmed,category,,Natur- und Landschaftsführungen,tour,,Wandern,False,,,,tour,89
map-damas-tour-category-nordic-walking-laufstrecken-2131c7eb75,mapping,map,DAMAS,tour,tour,confirmed,category,,Nordic Walking & Laufstrecken,tour,,Nordic Walking,False,,,,tour,88
map-damas-tour-category-radtouren-915b9e44b7,mapping,map,DAMAS,tour,tour,confirmed,category,,Radtouren,tour,,Radfahren,False,,,,tour,79
map-damas-tour-category-segeln-b92fb38351,mapping,map,DAMAS,tour,tour,confirmed,category,,Segeln,tour,,Bootstour,False,,,,tour,81
map-damas-tour-category-skatingstrecken-c73060a653,mapping,map,DAMAS,tour,tour,confirmed,category,,Skatingstrecken,tour,,Inline-Skating,False,,,,tour,83
map-damas-tour-category-stadtfuhrungen-949a952787,mapping,map,DAMAS,tour,tour,confirmed,category,,Stadtführungen,tour,,Stadtrundgang,False,,,,tour,90
map-damas-tour-category-wandertouren-14accf2c68,mapping,map,DAMAS,tour,tour,confirmed,category,,Wandertouren,tour,,Wandern,False,,,,tour,80
map-outdooractive-tour-category-canyoning-4019e935a9,mapping,map,Outdooractive,tour,Tour,confirmed,category,,Canyoning,tour,,Kajak,False,,,,http://handler.et4.de/OutdoorActiveFeedProxyDelta/Tree.ashx?e=sachsen-tourismus&m=Tour,343
map-outdooractive-tour-category-ferienstra-e-f445dcbe8b,mapping,map,Outdooractive,tour,Tour,confirmed,category,,Ferienstraße,tour,,Themenweg,False,,,,http://handler.et4.de/OutdoorActiveFeedProxyDelta/Tree.ashx?e=sachsen-tourismus&m=Tour,333
map-outdooractive-tour-category-gravel-bike-fe8508cdc1,mapping,map,Outdooractive,tour,Tour,confirmed,category,,Gravel Bike,tour,,Gravel-Bike,False,,,,http://handler.et4.de/OutdoorActiveFeedProxyDelta/Tree.ashx?e=sachsen-tourismus&m=Tour,344
map-outdooractive-tour-category-inline-skating-6c96321f79,mapping,map,Outdooractive,tour,Tour,confirmed,category,,Inline Skating,tour,,Inline-Skating,False,,,,http://handler.et4.de/OutdoorActiveFeedProxyDelta/Tree.ashx?e=sachsen-tourismus&m=Tour,336
map-outdooractive-tour-category-mountainbike-transalp-ca3a13e43b,mapping,map,Outdooractive,tour,Tour,confirmed,category,,Mountainbike Transalp,tour,,MTB-Transalp,False,,,,http://handler.et4.de/OutdoorActiveFeedProxyDelta/Tree.ashx?e=sachsen-tourismus&m=Tour,335
map-outdooractive-tour-category-panoramaweg-eb68bb75a8,mapping,map,Outdooractive,tour,Tour,confirmed,category,,Panoramaweg,tour,,Panoramastraße,False,,,,http://handler.et4.de/OutdoorActiveFeedProxyDelta/Tree.ashx?e=sachsen-tourismus&m=Tour,337
map-outdooractive-tour-category-qualitatswege-6cc0f5161d,mapping,map,Outdooractive,tour,Tour,confirmed,category,,Qualitätswege,tour,,Qualitätswanderwege,False,,,,http://handler.et4.de/OutdoorActiveFeedProxyDelta/Tree.ashx?e=sachsen-tourismus&m=Tour,332
map-outdooractive-tour-category-radtour-f8ee9e75e4,mapping,map,Outdooractive,tour,Tour,confirmed,category,,Radtour,tour,,Radfahren,False,,,,http://handler.et4.de/OutdoorActiveFeedProxyDelta/Tree.ashx?e=sachsen-tourismus&m=Tour,334
map-outdooractive-tour-category-ski-freeride-d96baece8d,mapping,map,Outdooractive,tour,Tour,confirmed,category,,Ski Freeride,tour,,Skitour,False,,,,http://handler.et4.de/OutdoorActiveFeedProxyDelta/Tree.ashx?e=sachsen-tourismus&m=Tour,338
map-outdooractive-tour-category-skidurchquerung-11703f62ad,mapping,map,Outdooractive,tour,Tour,confirmed,category,,Skidurchquerung,tour,,Skitour,False,,,,http://handler.et4.de/OutdoorActiveFeedProxyDelta/Tree.ashx?e=sachsen-tourismus&m=Tour,339
map-outdooractive-tour-category-skifahren-27656471b6,mapping,map,Outdooractive,tour,Tour,confirmed,category,,Skifahren,tour,,Skitour,False,,,,http://handler.et4.de/OutdoorActiveFeedProxyDelta/Tree.ashx?e=sachsen-tourismus&m=Tour,342
map-outdooractive-tour-category-skijoring-d6e9b470a0,mapping,map,Outdooractive,tour,Tour,confirmed,category,,Skijöring,tour,,Skitour,False,,,,http://handler.et4.de/OutdoorActiveFeedProxyDelta/Tree.ashx?e=sachsen-tourismus&m=Tour,341
map-outdooractive-tour-category-skirunde-dc8f557902,mapping,map,Outdooractive,tour,Tour,confirmed,category,,Skirunde,tour,,Skitour,False,,,,http://handler.et4.de/OutdoorActiveFeedProxyDelta/Tree.ashx?e=sachsen-tourismus&m=Tour,340
map-outdooractive-tour-category-wanderung-ff27668175,mapping,map,Outdooractive,tour,Tour,confirmed,category,,Wanderung,tour,,Wandern,False,,,,http://handler.et4.de/OutdoorActiveFeedProxyDelta/Tree.ashx?e=sachsen-tourismus&m=Tour,331
route-outdooractive-vermietercategory-aparthotel-a7ee14b715,routing,route,Outdooractive,,,not-applicable,dataset-routing,,Aparthotel,accommodation,,accommodation,False,,,,"Oberkategorie ""Unterkünfte"" | Oberkategorie ""Unterkünfte""",272
route-outdooractive-vermietercategory-apartment-5c26becd12,routing,route,Outdooractive,,,not-applicable,dataset-routing,,Apartment,accommodation,,accommodation,False,,,,"Oberkategorie ""Unterkünfte"" | Oberkategorie ""Unterkünfte""",257
route-outdooractive-vermietercategory-bauernhof-1cc193ff50,routing,route,Outdooractive,,,not-applicable,dataset-routing,,Bauernhof,accommodation,,accommodation,False,,,,"Oberkategorie ""Unterkünfte"" | Oberkategorie ""Unterkünfte""",261
route-outdooractive-vermietercategory-berghutte-81b3c01a76,routing,route,Outdooractive,,,not-applicable,dataset-routing,,Berghütte,accommodation,,accommodation,False,,,,"Oberkategorie ""Unterkünfte"" | Oberkategorie ""Unterkünfte""",264
route-outdooractive-vermietercategory-biwak-a1ddb14305,routing,route,Outdooractive,,,not-applicable,dataset-routing,,Biwak,accommodation,,accommodation,False,,,,"Oberkategorie ""Unterkünfte"" | Oberkategorie ""Unterkünfte""",270
route-outdooractive-vermietercategory-camping-af8156bd5f,routing,route,Outdooractive,,,not-applicable,dataset-routing,,Camping,accommodation,,accommodation,False,,,,"Oberkategorie ""Unterkünfte"" | Oberkategorie ""Unterkünfte""",266
route-outdooractive-vermietercategory-campingplatz-1ef01bda33,routing,route,Outdooractive,,,not-applicable,dataset-routing,,Campingplatz,accommodation,,accommodation,False,,,,"Oberkategorie ""Unterkünfte"" | alte Cats die es wohl nicht mehr gibt?",276
route-outdooractive-vermietercategory-erholungsheim-94f9d644a8,routing,route,Outdooractive,,,not-applicable,dataset-routing,,Erholungsheim,accommodation,,accommodation,False,,,,"Oberkategorie ""Unterkünfte"" | Oberkategorie ""Unterkünfte""",268
route-outdooractive-vermietercategory-feriendorf-f254890a3e,routing,route,Outdooractive,,,not-applicable,dataset-routing,,Feriendorf,accommodation,,accommodation,False,,,,"Oberkategorie ""Unterkünfte"" | Oberkategorie ""Unterkünfte""",274
route-outdooractive-vermietercategory-ferienhaus-58c3479bdc,routing,route,Outdooractive,,,not-applicable,dataset-routing,,Ferienhaus,accommodation,,accommodation,False,,,,"Oberkategorie ""Unterkünfte"" | Oberkategorie ""Unterkünfte""",259
route-outdooractive-vermietercategory-ferienwohnung-65156baf2f,routing,route,Outdooractive,,,not-applicable,dataset-routing,,Ferienwohnung,accommodation,,accommodation,False,,,,"Oberkategorie ""Unterkünfte"" | Oberkategorie ""Unterkünfte""",258
route-outdooractive-vermietercategory-fruhstuckspension-dbf42c30a0,routing,route,Outdooractive,,,not-applicable,dataset-routing,,Frühstückspension,accommodation,,accommodation,False,,,,"Oberkategorie ""Unterkünfte"" | alte Cats die es wohl nicht mehr gibt?",280
route-outdooractive-vermietercategory-gruppenunterkunft-98a3d65640,routing,route,Outdooractive,,,not-applicable,dataset-routing,,Gruppenunterkunft,accommodation,,accommodation,False,,,,"Oberkategorie ""Unterkünfte"" | alte Cats die es wohl nicht mehr gibt?",278
route-outdooractive-vermietercategory-herberge-hostel-8967d172c1,routing,route,Outdooractive,,,not-applicable,dataset-routing,,Herberge / Hostel,accommodation,,accommodation,False,,,,"Oberkategorie ""Unterkünfte"" | alte Cats die es wohl nicht mehr gibt?",279
route-outdooractive-vermietercategory-hostel-57933c41c7,routing,route,Outdooractive,,,not-applicable,dataset-routing,,Hostel,accommodation,,accommodation,False,,,,"Oberkategorie ""Unterkünfte"" | Oberkategorie ""Unterkünfte""",273
route-outdooractive-vermietercategory-hotel-3a5e851570,routing,route,Outdooractive,,,not-applicable,dataset-routing,,Hotel,accommodation,,accommodation,False,,,,"Oberkategorie ""Unterkünfte"" | Oberkategorie ""Unterkünfte""",254
route-outdooractive-vermietercategory-hotel-garni-1fc2d1f505,routing,route,Outdooractive,,,not-applicable,dataset-routing,,Hotel Garni,accommodation,,accommodation,False,,,,"Oberkategorie ""Unterkünfte"" | Oberkategorie ""Unterkünfte""",255
route-outdooractive-vermietercategory-hutte-0dbf22ad42,routing,route,Outdooractive,,,not-applicable,dataset-routing,,Hütte,accommodation,,accommodation,False,,,,"Oberkategorie ""Unterkünfte"" | Oberkategorie ""Unterkünfte""",263
route-outdooractive-vermietercategory-jugendherberge-9fe49e6654,routing,route,Outdooractive,,,not-applicable,dataset-routing,,Jugendherberge,accommodation,,accommodation,False,,,,"Oberkategorie ""Unterkünfte"" | Oberkategorie ""Unterkünfte""",265
route-outdooractive-vermietercategory-motel-b8f2cb4830,routing,route,Outdooractive,,,not-applicable,dataset-routing,,Motel,accommodation,,accommodation,False,,,,"Oberkategorie ""Unterkünfte"" | Oberkategorie ""Unterkünfte""",269
route-outdooractive-vermietercategory-pension-81f799a7a2,routing,route,Outdooractive,,,not-applicable,dataset-routing,,Pension,accommodation,,accommodation,False,,,,"Oberkategorie ""Unterkünfte"" | Oberkategorie ""Unterkünfte""",256
route-outdooractive-vermietercategory-privatvermieter-0964af712d,routing,route,Outdooractive,,,not-applicable,dataset-routing,,Privatvermieter,accommodation,,accommodation,False,,,,"Oberkategorie ""Unterkünfte"" | alte Cats die es wohl nicht mehr gibt?",277
route-outdooractive-vermietercategory-privatzimmer-db58a657cf,routing,route,Outdooractive,,,not-applicable,dataset-routing,,Privatzimmer,accommodation,,accommodation,False,,,,"Oberkategorie ""Unterkünfte"" | Oberkategorie ""Unterkünfte""",260
route-outdooractive-vermietercategory-reiterhof-8718e5d390,routing,route,Outdooractive,,,not-applicable,dataset-routing,,Reiterhof,accommodation,,accommodation,False,,,,"Oberkategorie ""Unterkünfte"" | Oberkategorie ""Unterkünfte""",262
route-outdooractive-vermietercategory-selbstversorgerhutte-ea8f138cee,routing,route,Outdooractive,,,not-applicable,dataset-routing,,Selbstversorgerhütte,accommodation,,accommodation,False,,,,"Oberkategorie ""Unterkünfte"" | Oberkategorie ""Unterkünfte""",271
route-outdooractive-vermietercategory-wohnmobilstellplatz-1cd13b5900,routing,route,Outdooractive,,,not-applicable,dataset-routing,,Wohnmobilstellplatz,accommodation,,accommodation,False,,,,"Oberkategorie ""Unterkünfte"" | Oberkategorie ""Unterkünfte""",267
route-outdooractive-gastrocategory-alpe-bewirtschaftet-575bd02d95,routing,route,Outdooractive,,,not-applicable,dataset-routing,,Alpe bewirtschaftet,gastro,,gastro,False,,,,"Oberkategorie ""Essen & Trinken"" | Oberkategorie ""Essen & Trinken""",284
route-outdooractive-gastrocategory-bar-b535aa073e,routing,route,Outdooractive,,,not-applicable,dataset-routing,,Bar,gastro,,gastro,False,,,,"Oberkategorie ""Essen & Trinken"" | Oberkategorie ""Essen & Trinken""",285
route-outdooractive-gastrocategory-berggasthof-600d5f618e,routing,route,Outdooractive,,,not-applicable,dataset-routing,,Berggasthof,gastro,,gastro,False,,,,"Oberkategorie ""Essen & Trinken"" | Oberkategorie ""Essen & Trinken""",286
route-outdooractive-gastrocategory-bewirtschaftete-alm-7d1284918d,routing,route,Outdooractive,,,not-applicable,dataset-routing,,Bewirtschaftete Alm,gastro,,gastro,False,,,,"Oberkategorie ""Gewerbe"" | alte Cats die es wohl nicht mehr gibt?",314
route-outdooractive-gastrocategory-bewirtschaftete-hutte-bae0be8a20,routing,route,Outdooractive,,,not-applicable,dataset-routing,,Bewirtschaftete Hütte,gastro,,gastro,False,,,,"Oberkategorie ""Gewerbe"" | alte Cats die es wohl nicht mehr gibt?",313
route-outdooractive-gastrocategory-biergarten-e2896c8a54,routing,route,Outdooractive,,,not-applicable,dataset-routing,,Biergarten,gastro,,gastro,False,,,,"Oberkategorie ""Essen & Trinken"" | Oberkategorie ""Essen & Trinken""",287
route-outdooractive-gastrocategory-bistro-1fbf94c32c,routing,route,Outdooractive,,,not-applicable,dataset-routing,,Bistro,gastro,,gastro,False,,,,"Oberkategorie ""Essen & Trinken"" | Oberkategorie ""Essen & Trinken""",288
route-outdooractive-gastrocategory-brauerei-996ebb4733,routing,route,Outdooractive,,,not-applicable,dataset-routing,,Brauerei,gastro,,gastro,False,,,,"Oberkategorie ""Gewerbe"" | Oberkategorie ""Gewerbe""",310
route-outdooractive-gastrocategory-brennerei-3847888046,routing,route,Outdooractive,,,not-applicable,dataset-routing,,Brennerei,gastro,,gastro,False,,,,"Oberkategorie ""Gewerbe"" | Oberkategorie ""Gewerbe""",311
route-outdooractive-gastrocategory-cafe-a283786d9c,routing,route,Outdooractive,,,not-applicable,dataset-routing,,Café,gastro,,gastro,False,,,,"Oberkategorie ""Essen & Trinken"" | Oberkategorie ""Essen & Trinken""",289
route-outdooractive-gastrocategory-disko-437052617e,routing,route,Outdooractive,,,not-applicable,dataset-routing,,Disko,gastro,,gastro,False,,,,"Oberkategorie ""Essen & Trinken"" | Oberkategorie ""Essen & Trinken""",290
route-outdooractive-gastrocategory-eisdiele-28cab7d340,routing,route,Outdooractive,,,not-applicable,dataset-routing,,Eisdiele,gastro,,gastro,False,,,,"Oberkategorie ""Essen & Trinken"" | Oberkategorie ""Essen & Trinken""",291
route-outdooractive-gastrocategory-gasthof-5d79ab393d,routing,route,Outdooractive,,,not-applicable,dataset-routing,,Gasthof,gastro,,gastro,False,,,,"Oberkategorie ""Unterknüfte"" | Oberkategorie ""Unterknüfte""",308
route-outdooractive-gastrocategory-gaststatte-54fac8d9f5,routing,route,Outdooractive,,,not-applicable,dataset-routing,,Gaststätte,gastro,,gastro,False,,,,"Oberkategorie ""Essen & Trinken"" | Oberkategorie ""Essen & Trinken""",292
route-outdooractive-gastrocategory-gaststatte-zeitw-geoffnet-2531a6be43,routing,route,Outdooractive,,,not-applicable,dataset-routing,,Gaststätte (zeitw. geöffnet),gastro,,gastro,False,,,,"Oberkategorie ""Essen & Trinken"" | Oberkategorie ""Essen & Trinken""",306
route-outdooractive-gastrocategory-haubenlokal-d064f1d74d,routing,route,Outdooractive,,,not-applicable,dataset-routing,,Haubenlokal,gastro,,gastro,False,,,,"Oberkategorie ""Essen & Trinken"" | Oberkategorie ""Essen & Trinken""",293
route-outdooractive-gastrocategory-heurige-90e1ae44d9,routing,route,Outdooractive,,,not-applicable,dataset-routing,,Heurige,gastro,,gastro,False,,,,"Oberkategorie ""Essen & Trinken"" | Oberkategorie ""Essen & Trinken""",294
route-outdooractive-gastrocategory-heuriger-90aa428143,routing,route,Outdooractive,,,not-applicable,dataset-routing,,Heuriger,gastro,,gastro,False,,,,"Oberkategorie ""Gewerbe"" | alte Cats die es wohl nicht mehr gibt?",315
route-outdooractive-gastrocategory-imbiss-27997a3b43,routing,route,Outdooractive,,,not-applicable,dataset-routing,,Imbiss,gastro,,gastro,False,,,,"Oberkategorie ""Essen & Trinken"" | Oberkategorie ""Essen & Trinken""",295
route-outdooractive-gastrocategory-jausenstation-b48a54cd14,routing,route,Outdooractive,,,not-applicable,dataset-routing,,Jausenstation,gastro,,gastro,False,,,,"Oberkategorie ""Essen & Trinken"" | Oberkategorie ""Essen & Trinken""",296
route-outdooractive-gastrocategory-kaffeehaus-1acbf8e353,routing,route,Outdooractive,,,not-applicable,dataset-routing,,Kaffeehaus,gastro,,gastro,False,,,,"Oberkategorie ""Essen & Trinken"" | Oberkategorie ""Essen & Trinken""",297
route-outdooractive-gastrocategory-kneipe-38aad3c4b9,routing,route,Outdooractive,,,not-applicable,dataset-routing,,Kneipe,gastro,,gastro,False,,,,"Oberkategorie ""Essen & Trinken"" | Oberkategorie ""Essen & Trinken""",298
route-outdooractive-gastrocategory-nightlife-b01cfcc96a,routing,route,Outdooractive,,,not-applicable,dataset-routing,,Nightlife,gastro,,gastro,False,,,,"Oberkategorie ""Essen & Trinken"" | Oberkategorie ""Essen & Trinken""",299
route-outdooractive-gastrocategory-pizzeria-d55379d0e1,routing,route,Outdooractive,,,not-applicable,dataset-routing,,Pizzeria,gastro,,gastro,False,,,,"Oberkategorie ""Essen & Trinken"" | Oberkategorie ""Essen & Trinken""",300
route-outdooractive-gastrocategory-pub-f4380899e6,routing,route,Outdooractive,,,not-applicable,dataset-routing,,Pub,gastro,,gastro,False,,,,"Oberkategorie ""Essen & Trinken"" | Oberkategorie ""Essen & Trinken""",301
route-outdooractive-gastrocategory-restaurant-4c603eabde,routing,route,Outdooractive,,,not-applicable,dataset-routing,,Restaurant,gastro,,gastro,False,,,,"Oberkategorie ""Essen & Trinken"" | Oberkategorie ""Essen & Trinken""",302
route-outdooractive-gastrocategory-sennalpe-da6ce1e5fa,routing,route,Outdooractive,,,not-applicable,dataset-routing,,Sennalpe,gastro,,gastro,False,,,,"Oberkategorie ""Essen & Trinken"" | Oberkategorie ""Essen & Trinken""",303
route-outdooractive-gastrocategory-vinothek-3484667460,routing,route,Outdooractive,,,not-applicable,dataset-routing,,Vinothek,gastro,,gastro,False,,,,"Oberkategorie ""Essen & Trinken"" | Oberkategorie ""Essen & Trinken""",304
route-outdooractive-gastrocategory-weinstube-3191928f67,routing,route,Outdooractive,,,not-applicable,dataset-routing,,Weinstube,gastro,,gastro,False,,,,"Oberkategorie ""Essen & Trinken"" | Oberkategorie ""Essen & Trinken""",305
fallback-feratel-package-category-de09725afa,fallback,fallback,Feratel,package,Package,confirmed,category,de,*,package,,,False,passSourceValue,FOREIGNVALUE,,,176
fallback-feratel-package-category-13dbd6a504,fallback,fallback,Feratel,package,_feratel_Erlebnisse,confirmed,category,de,*,package,,,False,passSourceValue,FOREIGNVALUE,,,209
fallback-feratel-accommodation-feature-e9368cbf9d,fallback,fallback,Feratel,accommodation,Hotel,confirmed,feature,de,*,accommodation,,,False,passSourceValue,FOREIGNVALUE,,,246
fallback-tis-poi-poi-category-d9e1695ab0,fallback,fallback,TIS POI,poi,POI,confirmed-by-section-heading,category,,*,poi,Kategorie,,False,literal,Sonstiges,,,1076
fallback-tis-unterkuenfte-accommodation-category-b05c2c7dea,fallback,fallback,TIS Unterkünfte,accommodation,Hotel,confirmed-by-section-heading,category,,*,accommodation,Kategorie,,False,empty,,,,1084
fallback-tis-event-event-category-c197851a15,fallback,fallback,TIS Event,event,Event,confirmed-by-section-heading,category,,*,event,Kategorie,,False,literal,Sonstiges,,,1127
